patient_id,source,target,ligand,receptor,prod_weight
A26 (386C),Stromal-Intestine_A26,ILC3_A26,LILRB4,LAIR1,0.431808
A26 (386C),Stromal-Intestine_A26,ILC3_A26,TNF,TNFRSF1A,0.031205
A26 (386C),Stromal-Intestine_A26,ILC3_A26,LTB,LTBR,0.366934
A26 (386C),Stromal-Intestine_A26,ILC3_A26,FAM3C,HLA-C,0.355044
A26 (386C),DC_A26,Epi-Intestine_A26,LILRB4,LAIR1,0.243665
A26 (386C),DC_A26,Epi-Intestine_A26,TNFSF13B,HLA-DPB1,0.410298
A26 (386C),DC_A26,Epi-Intestine_A26,RPS19,C5AR1,0.267296
A26 (386C),DC_A26,Epi-Intestine_A26,CSF1,CSF1R,0.32772
A26 (386C),DC_A26,Epi-Intestine_A26,CDH1,ITGB1,0.241399
A26 (386C),Epi-Intestine_A26,T-CD8_A26,DLL1,NOTCH1,0.297694
A26 (386C),Epi-Intestine_A26,T-CD8_A26,FAM3C,HLA-C,0.273373
A26 (386C),Epi-Intestine_A26,T-CD8_A26,HLA-E,KLRC1,0.087413
A26 (386C),Epi-Intestine_A26,T-CD8_A26,CCL3,CCR1,0.497488
A26 (386C),Epi-Intestine_A26,T-CD8_A26,RPS19,C5AR1,0.334778
A26 (386C),Epi-Intestine_A26,T-CD8_A26,IL6,IL6R,0.403343
A26 (386C),Epi-Intestine_A26,T-CD8_A26,EFNA1,EPHA2,0.349572
A26 (386C),Plasma_A26,T-CD8_A26,DLL1,NOTCH1,0.15583
A26 (386C),Plasma_A26,T-CD8_A26,RPS19,C5AR1,0.351115
A26 (386C),Plasma_A26,T-CD8_A26,CDH1,ITGB1,0.226699
A26 (386C),Mono_A26,Epi-Intestine_A26,APP,CD74,0.336197
A26 (386C),Mono_A26,Epi-Intestine_A26,GRN,SORT1,0.152343
A26 (386C),Mono_A26,Epi-Intestine_A26,MIF,CD74,0.225501
A26 (386C),Mono_A26,Epi-Intestine_A26,RPS19,C5AR1,0.250472
A26 (386C),Mono_A26,Epi-Intestine_A26,HLA-E,KLRC1,0.253733
A26 (386C),B-mem_A26,T-CD8_A26,RPS19,C5AR1,0.326645
A26 (386C),B-mem_A26,T-CD8_A26,IGF1,IGF1R,0.178357
A26 (386C),B-mem_A26,T-CD8_A26,LTB,LTBR,0.271672
A26 (386C),B-mem_A26,T-CD8_A26,HLA-E,KLRC1,0.331997
A26 (386C),B-mem_A26,Mac_A26,HLA-E,KLRC1,0.347403
A26 (386C),B-mem_A26,Mac_A26,IL6,IL6R,0.055879
A26 (386C),B-mem_A26,Mac_A26,CDH1,ITGB1,0.143515
A26 (386C),B-mem_A26,Mac_A26,JAG1,NOTCH2,0.107519
A26 (386C),B-mem_A26,Mac_A26,SPP1,CD44,0.282649
A26 (386C),B-mem_A26,Mac_A26,MDK,LRP1,0.392962
A26 (386C),B-mem_A26,Mac_A26,LGALS9,MRC1,0.505483
A26 (386C),DC_A26,T-CD4_A26,MIF,CD74,0.311363
A26 (386C),DC_A26,T-CD4_A26,AREG,EGFR,0.349989
A26 (386C),DC_A26,T-CD4_A26,LTB,LTBR,0.274237
A26 (386C),DC_A26,T-CD4_A26,CCL5,CCR1,0.509468
A26 (386C),DC_A26,T-CD4_A26,DLL1,NOTCH1,0.206196
A26 (386C),DC_A26,T-CD4_A26,HLA-E,KLRC1,0.380286
A26 (386C),DC_A26,T-CD4_A26,IGF1,IGF1R,0.059168
A26 (386C),Plasma_A26,NK_A26,MDK,LRP1,0.389397
A26 (386C),Plasma_A26,NK_A26,CSF1,CSF1R,0.462349
A26 (386C),Plasma_A26,NK_A26,CXCL12,CXCR4,0.3452
A26 (386C),Plasma_A26,NK_A26,PDGFB,PDGFRB,0.254161
A26 (386C),Mac_A26,Plasma_A26,FGF2,FGFR1,0.075607
A26 (386C),Mac_A26,Plasma_A26,TNF,TNFRSF1A,0.186079
A26 (386C),Mac_A26,Plasma_A26,APP,CD74,0.477068
A26 (386C),Mac_A26,Plasma_A26,CCL3,CCR1,0.219451
A26 (386C),Mac_A26,Plasma_A26,IGF1,IGF1R,0.103802
A26 (386C),Mac_A26,Plasma_A26,CCL5,CCR1,0.324275
A26 (386C),Mac_A26,Plasma_A26,FAM3C,HLA-C,0.368459
A26 (386C),Endo_A26,Mono_A26,IL6,IL6R,0.278693
A26 (386C),Endo_A26,Mono_A26,WNT5A,FZD1,0.141738
A26 (386C),Endo_A26,Mono_A26,IGF1,IGF1R,0.197806
A26 (386C),Endo_A26,Mono_A26,JAG1,NOTCH2,0.100255
A26 (386C),Endo_A26,Mono_A26,TNF,TNFRSF1A,0.257499
A26 (386C),Endo_A26,Mono_A26,LTB,LTBR,0.325978
A26 (386C),Endo_A26,Mono_A26,LGALS9,MRC1,0.122917
A26 (386C),Mast_A26,T-gamma/delta_A26,JAG1,NOTCH2,0.187041
A26 (386C),Mast_A26,T-gamma/delta_A26,HGF,MET,0.163061
A26 (386C),Mast_A26,T-gamma/delta_A26,IGF1,IGF1R,0.165147
A26 (386C),Mast_A26,T-gamma/delta_A26,CSF1,CSF1R,0.134839
A26 (386C),Mast_A26,T-gamma/delta_A26,VEGFA,KDR,0.167054
A26 (386C),Mast_A26,T-gamma/delta_A26,EFNA1,EPHA2,0.030101
A26 (386C),ILC3_A26,Mast_A26,GRN,SORT1,0.445895
A26 (386C),ILC3_A26,Mast_A26,DLL1,NOTCH1,0.153232
A26 (386C),ILC3_A26,Mast_A26,CDH1,ITGB1,0.123558
A26 (386C),ILC3_A26,Mast_A26,TNFSF13B,HLA-DPB1,0.157783
A26 (386C),ILC3_A26,Mast_A26,LILRB4,LAIR1,0.33108
A26 (386C),ILC3_A26,Mast_A26,MDK,LRP1,0.399104
A26 (386C),ILC3_A26,Mast_A26,MIF,CD74,0.249903
A26 (386C),Mac_A26,ILC3_A26,CSF1,CSF1R,0.387046
A26 (386C),Mac_A26,ILC3_A26,CCL3,CCR1,0.276644
A26 (386C),Mac_A26,ILC3_A26,AREG,EGFR,0.180911
A26 (386C),Mac_A26,ILC3_A26,LTB,LTBR,0.218589
A26 (386C),Mac_A26,ILC3_A26,APP,CD74,0.379367
A26 (386C),T-gamma/delta_A26,Endo_A26,CDH1,ITGB1,0.016272
A26 (386C),T-gamma/delta_A26,Endo_A26,BMP4,BMPR1A,0.122494
A26 (386C),T-gamma/delta_A26,Endo_A26,WNT5A,FZD1,0.267925
A26 (386C),T-gamma/delta_A26,Endo_A26,HGF,MET,0.105268
A26 (386C),T-gamma/delta_A26,Endo_A26,TNFSF13B,HLA-DPB1,0.297068
A26 (386C),T-CD8_A26,Stromal-Intestine_A26,AREG,EGFR,0.243011
A26 (386C),T-CD8_A26,Stromal-Intestine_A26,VEGFA,KDR,0.320849
A26 (386C),T-CD8_A26,Stromal-Intestine_A26,BMP4,BMPR1A,0.183639
A26 (386C),T-CD8_A26,Stromal-Intestine_A26,EFNA1,EPHA2,0.12439
A26 (386C),Epi-Intestine_A26,ILC3_A26,TNFSF13B,HLA-DPB1,0.41605
A26 (386C),Epi-Intestine_A26,ILC3_A26,COPA,CD74,0.431254
A26 (386C),Epi-Intestine_A26,ILC3_A26,HLA-E,KLRC1,0.378652
A26 (386C),Epi-Intestine_A26,ILC3_A26,SPP1,CD44,0.337374
A26 (386C),Epi-Intestine_A26,T-CD4_A26,GRN,SORT1,0.198271
A26 (386C),Epi-Intestine_A26,T-CD4_A26,EFNA1,EPHA2,0.209071
A26 (386C),Epi-Intestine_A26,T-CD4_A26,EGF,EGFR,0.156398
A26 (386C),Epi-Intestine_A26,T-CD4_A26,IGF1,IGF1R,0.331345
A26 (386C),Epi-Intestine_A26,T-CD4_A26,WNT5A,FZD1,0.036189
A26 (386C),Epi-Intestine_A26,T-CD4_A26,CDH1,ITGB1,0.116122
A26 (386C),Epi-Intestine_A26,T-CD4_A26,C3,C3AR1,0.250726
A26 (386C),Mac_A26,T-gamma/delta_A26,CDH1,ITGB1,0.35972
A26 (386C),Mac_A26,T-gamma/delta_A26,DLL1,NOTCH1,0.171496
A26 (386C),Mac_A26,T-gamma/delta_A26,IGF1,IGF1R,0.230369
A26 (386C),Mac_A26,T-gamma/delta_A26,FAM3C,HLA-C,0.250553
A26 (386C),Mac_A26,T-gamma/delta_A26,AREG,EGFR,0.497525
A26 (386C),Mac_A26,T-gamma/delta_A26,APP,CD74,0.424985
A26 (386C),Mac_A26,T-gamma/delta_A26,JAG1,NOTCH2,0.119883
A26 (386C),B-naive_A26,Mast_A26,DLL1,NOTCH1,0.369416
A26 (386C),B-naive_A26,Mast_A26,IGF1,IGF1R,0.133126
A26 (386C),B-naive_A26,Mast_A26,HLA-E,KLRC1,0.38297
A26 (386C),B-naive_A26,Mast_A26,LILRB4,LAIR1,0.399172
A26 (386C),B-naive_A26,Mast_A26,TNFSF13B,HLA-DPB1,0.470042
A26 (386C),B-mem_A26,B-naive_A26,PDGFB,PDGFRB,0.118398
A26 (386C),B-mem_A26,B-naive_A26,TNF,TNFRSF1A,0.090323
A26 (386C),B-mem_A26,B-naive_A26,JAG1,NOTCH2,0.179775
A26 (386C),B-mem_A26,B-naive_A26,TNFSF13B,HLA-DPB1,0.229304
A26 (386C),B-mem_A26,B-naive_A26,MIF,CD74,0.154664
A26 (386C),ILC3_A26,B-naive_A26,LTB,LTBR,0.414225
A26 (386C),ILC3_A26,B-naive_A26,EFNA1,EPHA2,0.237016
A26 (386C),ILC3_A26,B-naive_A26,WNT5A,FZD1,0.211696
A26 (386C),ILC3_A26,B-naive_A26,MIF,CD74,0.283336
A26 (386C),ILC3_A26,B-naive_A26,VEGFA,KDR,0.200208
A26 (386C),ILC3_A26,B-naive_A26,RPS19,C5AR1,0.198276
A26 (386C),Stromal-Intestine_A26,Epi-Intestine_A26,CSF1,CSF1R,0.250719
A26 (386C),Stromal-Intestine_A26,Epi-Intestine_A26,CXCL12,CXCR4,0.299238
A26 (386C),Stromal-Intestine_A26,Epi-Intestine_A26,FAM3C,HLA-C,0.25755
A26 (386C),Stromal-Intestine_A26,Epi-Intestine_A26,EGF,EGFR,0.185461
A26 (386C),Mast_A26,Stromal-Intestine_A26,SPP1,CD44,0.319263
A26 (386C),Mast_A26,Stromal-Intestine_A26,CDH1,ITGB1,0.187568
A26 (386C),Mast_A26,Stromal-Intestine_A26,APP,CD74,0.354519
A26 (386C),Mast_A26,Stromal-Intestine_A26,FGF2,FGFR1,0.139931
A26 (386C),Mast_A26,Stromal-Intestine_A26,CCL5,CCR1,0.371507
A26 (386C),Mast_A26,Stromal-Intestine_A26,MIF,CD74,0.53105
A26 (386C),Mast_A26,Stromal-Intestine_A26,EFNA1,EPHA2,0.136212
A26 (386C),T-gamma/delta_A26,B-naive_A26,FGF2,FGFR1,0.167523
A26 (386C),T-gamma/delta_A26,B-naive_A26,VEGFA,KDR,0.001
A26 (386C),T-gamma/delta_A26,B-naive_A26,FAM3C,HLA-C,0.173493
A26 (386C),T-gamma/delta_A26,B-naive_A26,MIF,CD74,0.37467
A26 (386C),B-naive_A26,ILC3_A26,CDH1,ITGB1,0.0376
A26 (386C),B-naive_A26,ILC3_A26,CCL5,CCR1,0.400144
A26 (386C),B-naive_A26,ILC3_A26,EGF,EGFR,0.001
A26 (386C),B-naive_A26,ILC3_A26,WNT5A,FZD1,0.132481
A26 (386C),Plasma_A26,Mac_A26,FAM3C,HLA-C,0.331479
A26 (386C),Plasma_A26,Mac_A26,LILRB4,LAIR1,0.331112
A26 (386C),Plasma_A26,Mac_A26,APP,CD74,0.392196
A26 (386C),Plasma_A26,Mac_A26,HLA-E,KLRC1,0.297333
A26 (386C),Plasma_A26,Mac_A26,FGF2,FGFR1,0.003426
A26 (386C),Plasma_A26,Mac_A26,CSF1,CSF1R,0.493415
A26 (386C),Stromal-Intestine_A26,Plasma_A26,AREG,EGFR,0.396098
A26 (386C),Stromal-Intestine_A26,Plasma_A26,WNT5A,FZD1,0.151931
A26 (386C),Stromal-Intestine_A26,Plasma_A26,APP,CD74,0.338186
A26 (386C),Stromal-Intestine_A26,Plasma_A26,HLA-E,KLRC1,0.135592
A26 (386C),Stromal-Intestine_A26,Plasma_A26,MDK,LRP1,0.291846
A26 (386C),Stromal-Intestine_A26,Plasma_A26,HGF,MET,0.210493
A26 (386C),Stromal-Intestine_A26,Plasma_A26,CD99,PILRA,0.557933
A26 (386C),Endo_A26,Stromal-Intestine_A26,TNF,TNFRSF1A,0.157116
A26 (386C),Endo_A26,Stromal-Intestine_A26,CCL3,CCR1,0.249997
A26 (386C),Endo_A26,Stromal-Intestine_A26,PDGFB,PDGFRB,0.016582
A26 (386C),Endo_A26,Stromal-Intestine_A26,TGFB1,TGFBR1,0.090838
A26 (386C),Endo_A26,Stromal-Intestine_A26,HGF,MET,0.137481
A26 (386C),Endo_A26,Stromal-Intestine_A26,CDH1,ITGB1,0.218187
A26 (386C),Endo_A26,Stromal-Intestine_A26,EGF,EGFR,0.141554
A26 (386C),Mast_A26,Mac_A26,FAM3C,HLA-C,0.250356
A26 (386C),Mast_A26,Mac_A26,HLA-E,KLRC1,0.27484
A26 (386C),Mast_A26,Mac_A26,C3,C3AR1,0.409601
A26 (386C),Mast_A26,Mac_A26,CSF1,CSF1R,0.490601
A26 (386C),Mast_A26,Mac_A26,EGF,EGFR,0.2656
A26 (386C),Mast_A26,Mac_A26,AREG,EGFR,0.500136
A26 (386C),Mast_A26,Mac_A26,APP,CD74,0.340386
A26 (386C),T-CD8_A26,T-gamma/delta_A26,CSF1,CSF1R,0.25664
A26 (386C),T-CD8_A26,T-gamma/delta_A26,WNT5A,FZD1,0.265072
A26 (386C),T-CD8_A26,T-gamma/delta_A26,VEGFA,KDR,0.204175
A26 (386C),T-CD8_A26,T-gamma/delta_A26,FAM3C,HLA-C,0.290065
A26 (386C),T-CD8_A26,T-gamma/delta_A26,HGF,MET,0.001
A26 (386C),B-mem_A26,Epi-Intestine_A26,IL6,IL6R,0.274427
A26 (386C),B-mem_A26,Epi-Intestine_A26,CDH1,ITGB1,0.218066
A26 (386C),B-mem_A26,Epi-Intestine_A26,C3,C3AR1,0.322987
A26 (386C),B-mem_A26,Epi-Intestine_A26,IGF1,IGF1R,0.001
A26 (386C),B-mem_A26,Epi-Intestine_A26,COPA,CD74,0.449376
A26 (386C),B-mem_A26,Epi-Intestine_A26,MDK,LRP1,0.251634
A26 (386C),B-mem_A26,Epi-Intestine_A26,GRN,SORT1,0.458611
A26 (386C),T-CD4_A26,DC_A26,RPS19,C5AR1,0.349159
A26 (386C),T-CD4_A26,DC_A26,TNF,TNFRSF1A,0.147442
A26 (386C),T-CD4_A26,DC_A26,LTB,LTBR,0.300247
A26 (386C),T-CD4_A26,DC_A26,EGF,EGFR,0.299043
A26 (386C),T-CD4_A26,DC_A26,SPP1,CD44,0.232093
A26 (386C),T-gamma/delta_A26,Stromal-Intestine_A26,GRN,SORT1,0.316282
A26 (386C),T-gamma/delta_A26,Stromal-Intestine_A26,CCL5,CCR1,0.360748
A26 (386C),T-gamma/delta_A26,Stromal-Intestine_A26,C3,C3AR1,0.416623
A26 (386C),T-gamma/delta_A26,Stromal-Intestine_A26,RPS19,C5AR1,0.340391
A26 (386C),Mono_A26,Mac_A26,AREG,EGFR,0.345785
A26 (386C),Mono_A26,Mac_A26,BMP4,BMPR1A,0.197857
A26 (386C),Mono_A26,Mac_A26,CD99,PILRA,0.273651
A26 (386C),Mono_A26,Mac_A26,VEGFA,KDR,0.196383
A26 (386C),Epi-Intestine_A26,DC_A26,IGF1,IGF1R,0.1581
A26 (386C),Epi-Intestine_A26,DC_A26,TGFB1,TGFBR1,0.228366
A26 (386C),Epi-Intestine_A26,DC_A26,APP,CD74,0.315269
A26 (386C),Epi-Intestine_A26,DC_A26,PDGFB,PDGFRB,0.157538
A26 (386C),DC_A26,Plasma_A26,SPP1,CD44,0.500741
A26 (386C),DC_A26,Plasma_A26,MDK,LRP1,0.308706
A26 (386C),DC_A26,Plasma_A26,AREG,EGFR,0.265149
A26 (386C),Plasma_A26,Endo_A26,RPS19,C5AR1,0.324585
A26 (386C),Plasma_A26,Endo_A26,EFNA1,EPHA2,0.196956
A26 (386C),Plasma_A26,Endo_A26,CDH1,ITGB1,0.253815
A26 (386C),Plasma_A26,Endo_A26,JAG1,NOTCH2,0.334607
A26 (386C),Plasma_A26,Endo_A26,APP,CD74,0.549728
A26 (386C),NK_A26,B-naive_A26,FGF2,FGFR1,0.148948
A26 (386C),NK_A26,B-naive_A26,BMP4,BMPR1A,0.140869
A26 (386C),NK_A26,B-naive_A26,LGALS9,MRC1,0.416274
A26 (386C),NK_A26,B-naive_A26,COPA,CD74,0.396258
A26 (386C),NK_A26,B-naive_A26,EGF,EGFR,0.072822
A26 (386C),NK_A26,B-naive_A26,IL6,IL6R,0.061676
A26 (386C),NK_A26,B-naive_A26,LTB,LTBR,0.324962
A26 (386C),Endo_A26,T-CD8_A26,C3,C3AR1,0.349377
A26 (386C),Endo_A26,T-CD8_A26,IGF1,IGF1R,0.223204
A26 (386C),Endo_A26,T-CD8_A26,COPA,CD74,0.388316
A38 (432C),ILC3_A38,NK_A38,CCL5,CCR1,0.467376
A38 (432C),ILC3_A38,NK_A38,MDK,LRP1,0.238071
A38 (432C),ILC3_A38,NK_A38,DLL1,NOTCH1,0.057066
A38 (432C),ILC3_A38,NK_A38,APP,CD74,0.330861
A38 (432C),T-CD8_A38,Mac_A38,HLA-E,KLRC1,0.316395
A38 (432C),T-CD8_A38,Mac_A38,CCL3,CCR1,0.291672
A38 (432C),T-CD8_A38,Mac_A38,C3,C3AR1,0.172095
A38 (432C),T-CD8_A38,Mac_A38,AREG,EGFR,0.537562
A38 (432C),T-CD8_A38,Mac_A38,FAM3C,HLA-C,0.30672
A38 (432C),T-CD8_A38,Mac_A38,BMP4,BMPR1A,0.18084
A38 (432C),T-CD8_A38,Mac_A38,CSF1,CSF1R,0.228587
A38 (432C),T-gamma/delta_A38,B-naive_A38,C3,C3AR1,0.403466
A38 (432C),T-gamma/delta_A38,B-naive_A38,IL6,IL6R,0.001
A38 (432C),T-gamma/delta_A38,B-naive_A38,TGFB1,TGFBR1,0.196747
A38 (432C),T-gamma/delta_A38,B-naive_A38,FGF2,FGFR1,0.259385
A38 (432C),T-gamma/delta_A38,B-naive_A38,CCL5,CCR1,0.298591
A38 (432C),DC_A38,B-naive_A38,SPP1,CD44,0.446882
A38 (432C),DC_A38,B-naive_A38,MIF,CD74,0.147289
A38 (432C),DC_A38,B-naive_A38,LTB,LTBR,0.119363
A38 (432C),DC_A38,B-naive_A38,HGF,MET,0.151663
A38 (432C),DC_A38,B-naive_A38,RPS19,C5AR1,0.45044
A38 (432C),DC_A38,B-naive_A38,IGF1,IGF1R,0.031958
A38 (432C),B-mem_A38,Endo_A38,TNF,TNFRSF1A,0.100767
A38 (432C),B-mem_A38,Endo_A38,JAG1,NOTCH2,0.160775
A38 (432C),B-mem_A38,Endo_A38,EFNA1,EPHA2,0.054031
A38 (432C),B-mem_A38,Endo_A38,DLL1,NOTCH1,0.18139
A38 (432C),B-mem_A38,Endo_A38,TGFB1,TGFBR1,0.117319
A38 (432C),B-mem_A38,Endo_A38,SPP1,CD44,0.302865
A38 (432C),B-mem_A38,Endo_A38,C3,C3AR1,0.1458
A38 (432C),Mast_A38,DC_A38,CDH1,ITGB1,0.257842
A38 (432C),Mast_A38,DC_A38,TNF,TNFRSF1A,0.039489
A38 (432C),Mast_A38,DC_A38,TGFB1,TGFBR1,0.001
A38 (432C),Mast_A38,DC_A38,LGALS9,MRC1,0.28793
A38 (432C),Mast_A38,DC_A38,AREG,EGFR,0.361893
A38 (432C),Mast_A38,DC_A38,MDK,LRP1,0.261296
A38 (432C),B-mem_A38,Stromal-Intestine_A38,GRN,SORT1,0.383072
A38 (432C),B-mem_A38,Stromal-Intestine_A38,CDH1,ITGB1,0.178056
A38 (432C),B-mem_A38,Stromal-Intestine_A38,HLA-E,KLRC1,0.343264
A38 (432C),B-mem_A38,Stromal-Intestine_A38,LTB,LTBR,0.446929
A38 (432C),B-mem_A38,Stromal-Intestine_A38,LILRB4,LAIR1,0.323729
A38 (432C),B-mem_A38,Stromal-Intestine_A38,CSF1,CSF1R,0.406361
A38 (432C),B-mem_A38,Stromal-Intestine_A38,TGFB1,TGFBR1,0.253783
A38 (432C),Endo_A38,Plasma_A38,CD99,PILRA,0.283184
A38 (432C),Endo_A38,Plasma_A38,CCL3,CCR1,0.244891
A38 (432C),Endo_A38,Plasma_A38,TNF,TNFRSF1A,0.185769
A38 (432C),Endo_A38,Plasma_A38,CSF1,CSF1R,0.211683
A38 (432C),Endo_A38,Plasma_A38,WNT5A,FZD1,0.117395
A38 (432C),T-CD4_A38,DC_A38,AREG,EGFR,0.215934
A38 (432C),T-CD4_A38,DC_A38,CCL3,CCR1,0.336244
A38 (432C),T-CD4_A38,DC_A38,SPP1,CD44,0.18078
A38 (432C),T-CD4_A38,DC_A38,VEGFA,KDR,0.116622
A38 (432C),T-CD4_A38,DC_A38,CDH1,ITGB1,0.001
A38 (432C),T-CD4_A38,DC_A38,EFNA1,EPHA2,0.057251
A38 (432C),T-CD4_A38,DC_A38,WNT5A,FZD1,0.245098
A38 (432C),B-naive_A38,Plasma_A38,COPA,CD74,0.437602
A38 (432C),B-naive_A38,Plasma_A38,HGF,MET,0.141572
A38 (432C),B-naive_A38,Plasma_A38,TGFB1,TGFBR1,0.145627
A38 (432C),Stromal-Intestine_A38,DC_A38,CCL5,CCR1,0.435497
A38 (432C),Stromal-Intestine_A38,DC_A38,TGFB1,TGFBR1,0.118705
A38 (432C),Stromal-Intestine_A38,DC_A38,CCL3,CCR1,0.251119
A38 (432C),Stromal-Intestine_A38,DC_A38,CXCL12,CXCR4,0.234647
A38 (432C),Stromal-Intestine_A38,DC_A38,TNFSF13B,HLA-DPB1,0.20947
A38 (432C),Stromal-Intestine_A38,DC_A38,CD99,PILRA,0.347134
A38 (432C),Stromal-Intestine_A38,DC_A38,LGALS9,MRC1,0.341802
A38 (432C),Mono_A38,B-naive_A38,GRN,SORT1,0.057297
A38 (432C),Mono_A38,B-naive_A38,PDGFB,PDGFRB,0.125827
A38 (432C),Mono_A38,B-naive_A38,AREG,EGFR,0.275852
A38 (432C),Mono_A38,B-naive_A38,TNFSF13B,HLA-DPB1,0.274777
A38 (432C),Mono_A38,B-naive_A38,APP,CD74,0.350246
A38 (432C),Mono_A38,B-naive_A38,DLL1,NOTCH1,0.012673
A38 (432C),Mono_A38,B-naive_A38,SPP1,CD44,0.124888
A38 (432C),Endo_A38,ILC3_A38,AREG,EGFR,0.296209
A38 (432C),Endo_A38,ILC3_A38,MIF,CD74,0.273964
A38 (432C),Endo_A38,ILC3_A38,LILRB4,LAIR1,0.295794
A38 (432C),Endo_A38,ILC3_A38,CD99,PILRA,0.43303
A38 (432C),Endo_A38,ILC3_A38,CCL3,CCR1,0.306485
A38 (432C),T-CD4_A38,Mast_A38,EGF,EGFR,0.114409
A38 (432C),T-CD4_A38,Mast_A38,MDK,LRP1,0.43334
A38 (432C),T-CD4_A38,Mast_A38,DLL1,NOTCH1,0.314822
A38 (432C),T-CD4_A38,Mast_A38,TNF,TNFRSF1A,0.171397
A38 (432C),B-naive_A38,T-gamma/delta_A38,WNT5A,FZD1,0.132355
A38 (432C),B-naive_A38,T-gamma/delta_A38,VEGFA,KDR,0.215136
A38 (432C),B-naive_A38,T-gamma/delta_A38,HLA-E,KLRC1,0.356422
A38 (432C),B-naive_A38,T-gamma/delta_A38,BMP4,BMPR1A,0.246419
A38 (432C),B-naive_A38,T-gamma/delta_A38,TNF,TNFRSF1A,0.177667
A38 (432C),B-naive_A38,T-gamma/delta_A38,MDK,LRP1,0.380812
A38 (432C),B-naive_A38,T-gamma/delta_A38,MIF,CD74,0.426215
A38 (432C),DC_A38,B-mem_A38,GRN,SORT1,0.183812
A38 (432C),DC_A38,B-mem_A38,LILRB4,LAIR1,0.439375
A38 (432C),DC_A38,B-mem_A38,BMP4,BMPR1A,0.001
A38 (432C),DC_A38,T-CD8_A38,TNF,TNFRSF1A,0.204654
A38 (432C),DC_A38,T-CD8_A38,EGF,EGFR,0.291023
A38 (432C),DC_A38,T-CD8_A38,CCL5,CCR1,0.30247
A38 (432C),DC_A38,T-CD8_A38,FAM3C,HLA-C,0.414285
A38 (432C),DC_A38,T-CD8_A38,LGALS9,MRC1,0.410809
A38 (432C),DC_A38,T-CD8_A38,VEGFA,KDR,0.054307
A38 (432C),DC_A38,T-CD8_A38,CXCL12,CXCR4,0.252714
A38 (432C),Mac_A38,Mono_A38,MIF,CD74,0.17427
A38 (432C),Mac_A38,Mono_A38,SPP1,CD44,0.364945
A38 (432C),Mac_A38,Mono_A38,PDGFB,PDGFRB,0.153721
A38 (432C),Mac_A38,Mono_A38,EGF,EGFR,0.0228
A38 (432C),Mac_A38,Mono_A38,DLL1,NOTCH1,0.239684
A38 (432C),Mac_A38,Mono_A38,COPA,CD74,0.263001
A38 (432C),T-CD4_A38,B-naive_A38,IL6,IL6R,0.281576
A38 (432C),T-CD4_A38,B-naive_A38,SPP1,CD44,0.389241
A38 (432C),T-CD4_A38,B-naive_A38,DLL1,NOTCH1,0.216754
A38 (432C),T-CD4_A38,B-naive_A38,MDK,LRP1,0.238846
A38 (432C),T-CD4_A38,B-naive_A38,CSF1,CSF1R,0.503986
A38 (432C),T-CD4_A38,B-naive_A38,CD99,PILRA,0.376211
A38 (432C),B-naive_A38,DC_A38,LTB,LTBR,0.167312
A38 (432C),B-naive_A38,DC_A38,MDK,LRP1,0.35401
A38 (432C),B-naive_A38,DC_A38,TGFB1,TGFBR1,0.028178
A38 (432C),Plasma_A38,Epi-Intestine_A38,C3,C3AR1,0.271899
A38 (432C),Plasma_A38,Epi-Intestine_A38,TGFB1,TGFBR1,0.155786
A38 (432C),Plasma_A38,Epi-Intestine_A38,APP,CD74,0.29843
A38 (432C),Plasma_A38,Epi-Intestine_A38,BMP4,BMPR1A,0.090066
A38 (432C),Plasma_A38,Epi-Intestine_A38,HLA-E,KLRC1,0.38195
A38 (432C),Plasma_A38,Epi-Intestine_A38,CDH1,ITGB1,0.166466
A38 (432C),Plasma_A38,Epi-Intestine_A38,LILRB4,LAIR1,0.166484
A38 (432C),T-CD4_A38,Mac_A38,CXCL12,CXCR4,0.248613
A38 (432C),T-CD4_A38,Mac_A38,VEGFA,KDR,0.092055
A38 (432C),T-CD4_A38,Mac_A38,IL6,IL6R,0.178578
A38 (432C),T-CD4_A38,Mac_A38,CD99,PILRA,0.231494
A38 (432C),T-CD4_A38,Mac_A38,GRN,SORT1,0.353028
A38 (432C),T-CD4_A38,Mac_A38,HLA-E,KLRC1,0.488489
A38 (432C),T-CD4_A38,Mac_A38,CCL5,CCR1,0.266315
A38 (432C),Mac_A38,ILC3_A38,PDGFB,PDGFRB,0.115995
A38 (432C),Mac_A38,ILC3_A38,IGF1,IGF1R,0.212306
A38 (432C),Mac_A38,ILC3_A38,DLL1,NOTCH1,0.328917
A38 (432C),Mac_A38,ILC3_A38,CSF1,CSF1R,0.325711
A38 (432C),Mac_A38,ILC3_A38,COPA,CD74,0.028485
A38 (432C),Mac_A38,ILC3_A38,SPP1,CD44,0.231913
A38 (432C),Endo_A38,NK_A38,CSF1,CSF1R,0.407488
A38 (432C),Endo_A38,NK_A38,CCL5,CCR1,0.346495
A38 (432C),Endo_A38,NK_A38,LILRB4,LAIR1,0.238331
A38 (432C),Endo_A38,NK_A38,JAG1,NOTCH2,0.230385
A38 (432C),Endo_A38,NK_A38,FGF2,FGFR1,0.333266
A38 (432C),Endo_A38,NK_A38,APP,CD74,0.403998
A38 (432C),Mono_A38,Endo_A38,IL6,IL6R,0.35793
A38 (432C),Mono_A38,Endo_A38,MIF,CD74,0.458379
A38 (432C),Mono_A38,Endo_A38,FAM3C,HLA-C,0.191384
A38 (432C),Mono_A38,Endo_A38,WNT5A,FZD1,0.280527
A38 (432C),Mono_A38,Endo_A38,CDH1,ITGB1,0.319122
A38 (432C),Mono_A38,Endo_A38,TNF,TNFRSF1A,0.155651
A38 (432C),Endo_A38,DC_A38,GRN,SORT1,0.313026
A38 (432C),Endo_A38,DC_A38,HGF,MET,0.103596
A38 (432C),Endo_A38,DC_A38,FAM3C,HLA-C,0.295083
A38 (432C),Endo_A38,DC_A38,LTB,LTBR,0.442014
A38 (432C),Endo_A38,DC_A38,MIF,CD74,0.322556
A38 (432C),NK_A38,B-mem_A38,IGF1,IGF1R,0.226402
A38 (432C),NK_A38,B-mem_A38,LILRB4,LAIR1,0.352723
A38 (432C),NK_A38,B-mem_A38,FAM3C,HLA-C,0.159303
A38 (432C),NK_A38,B-mem_A38,LTB,LTBR,0.276113
A38 (432C),NK_A38,B-mem_A38,RPS19,C5AR1,0.557316
A38 (432C),NK_A38,B-mem_A38,EGF,EGFR,0.105629
A38 (432C),NK_A38,B-mem_A38,HLA-E,KLRC1,0.322819
A38 (432C),Endo_A38,Mast_A38,FGF2,FGFR1,0.282758
A38 (432C),Endo_A38,Mast_A38,JAG1,NOTCH2,0.227663
A38 (432C),Endo_A38,Mast_A38,SPP1,CD44,0.309474
A38 (432C),Mac_A38,B-naive_A38,MDK,LRP1,0.291057
A38 (432C),Mac_A38,B-naive_A38,HLA-E,KLRC1,0.256102
A38 (432C),Mac_A38,B-naive_A38,CDH1,ITGB1,0.288786
A38 (432C),Mac_A38,B-naive_A38,FAM3C,HLA-C,0.247761
A38 (432C),Mac_A38,B-naive_A38,WNT5A,FZD1,0.361173
A38 (432C),Mac_A38,B-naive_A38,LILRB4,LAIR1,0.302281
A38 (432C),T-gamma/delta_A38,Epi-Intestine_A38,MIF,CD74,0.11562
A38 (432C),T-gamma/delta_A38,Epi-Intestine_A38,COPA,CD74,0.310235
A38 (432C),T-gamma/delta_A38,Epi-Intestine_A38,CDH1,ITGB1,0.252581
A38 (432C),T-gamma/delta_A38,Epi-Intestine_A38,MDK,LRP1,0.286082
A38 (432C),T-gamma/delta_A38,Epi-Intestine_A38,APP,CD74,0.246629
A38 (432C),T-gamma/delta_A38,Epi-Intestine_A38,DLL1,NOTCH1,0.184338
A38 (432C),T-gamma/delta_A38,Epi-Intestine_A38,CXCL12,CXCR4,0.263492
A38 (432C),ILC3_A38,Plasma_A38,MIF,CD74,0.379601
A38 (432C),ILC3_A38,Plasma_A38,TNF,TNFRSF1A,0.001
A38 (432C),ILC3_A38,Plasma_A38,EGF,EGFR,0.109825
A38 (432C),ILC3_A38,Plasma_A38,AREG,EGFR,0.274493
A38 (432C),ILC3_A38,Plasma_A38,LTB,LTBR,0.255243
A38 (432C),Mono_A38,B-mem_A38,CCL5,CCR1,0.338975
A38 (432C),Mono_A38,B-mem_A38,LTB,LTBR,0.272818
A38 (432C),Mono_A38,B-mem_A38,C3,C3AR1,0.261484
A38 (432C),Mono_A38,B-mem_A38,CSF1,CSF1R,0.438477
A38 (432C),Mono_A38,T-CD8_A38,MDK,LRP1,0.451921
A38 (432C),Mono_A38,T-CD8_A38,LTB,LTBR,0.31486
A38 (432C),Mono_A38,T-CD8_A38,WNT5A,FZD1,0.324751
A38 (432C),Mono_A38,T-CD8_A38,EFNA1,EPHA2,0.239366
A38 (432C),Mono_A38,T-CD8_A38,FGF2,FGFR1,0.207416
A38 (432C),Mono_A38,T-CD8_A38,BMP4,BMPR1A,0.119982
A38 (432C),DC_A38,Plasma_A38,DLL1,NOTCH1,0.035694
A38 (432C),DC_A38,Plasma_A38,PDGFB,PDGFRB,0.0956
A38 (432C),DC_A38,Plasma_A38,BMP4,BMPR1A,0.212406
A38 (432C),DC_A38,Plasma_A38,HLA-E,KLRC1,0.447612
A38 (432C),DC_A38,Plasma_A38,FAM3C,HLA-C,0.28151
A38 (432C),Stromal-Intestine_A38,ILC3_A38,GRN,SORT1,0.257164
A38 (432C),Stromal-Intestine_A38,ILC3_A38,EGF,EGFR,0.124561
A38 (432C),Stromal-Intestine_A38,ILC3_A38,TGFB1,TGFBR1,0.115027
A38 (432C),Plasma_A38,T-CD4_A38,FAM3C,HLA-C,0.188409
A38 (432C),Plasma_A38,T-CD4_A38,HLA-E,KLRC1,0.377626
A38 (432C),Plasma_A38,T-CD4_A38,GRN,SORT1,0.299357
A38 (432C),NK_A38,ILC3_A38,LTB,LTBR,0.260698
A38 (432C),NK_A38,ILC3_A38,TNF,TNFRSF1A,0.082096
A38 (432C),NK_A38,ILC3_A38,AREG,EGFR,0.480598
A38 (432C),NK_A38,ILC3_A38,IL6,IL6R,0.211228
A38 (432C),NK_A38,ILC3_A38,RPS19,C5AR1,0.235335
A38 (432C),NK_A38,ILC3_A38,FAM3C,HLA-C,0.505718
A38 (432C),ILC3_A38,B-mem_A38,IGF1,IGF1R,0.277515
A38 (432C),ILC3_A38,B-mem_A38,MIF,CD74,0.267373
A38 (432C),ILC3_A38,B-mem_A38,LGALS9,MRC1,0.341743
A38 (432C),ILC3_A38,B-mem_A38,LILRB4,LAIR1,0.397365
A38 (432C),ILC3_A38,B-mem_A38,MDK,LRP1,0.414957
A38 (432C),B-mem_A38,Mac_A38,BMP4,BMPR1A,0.122879
A38 (432C),B-mem_A38,Mac_A38,APP,CD74,0.448955
A38 (432C),B-mem_A38,Mac_A38,HGF,MET,0.134307
A38 (432C),B-mem_A38,Mac_A38,CSF1,CSF1R,0.314262
A38 (432C),B-mem_A38,Mac_A38,AREG,EGFR,0.301817
A38 (432C),B-mem_A38,Mac_A38,IGF1,IGF1R,0.101318
A38 (432C),B-mem_A38,Mac_A38,LILRB4,LAIR1,0.327084
A38 (432C),Plasma_A38,Endo_A38,TGFB1,TGFBR1,0.218399
A38 (432C),Plasma_A38,Endo_A38,CDH1,ITGB1,0.134893
A38 (432C),Plasma_A38,Endo_A38,PDGFB,PDGFRB,0.221896
A30 (398B),Stromal-Intestine_A30,B-mem_A30,LTB,LTBR,0.264401
A30 (398B),Stromal-Intestine_A30,B-mem_A30,SPP1,CD44,0.161994
A30 (398B),Stromal-Intestine_A30,B-mem_A30,CDH1,ITGB1,0.111831
A30 (398B),Stromal-Intestine_A30,B-mem_A30,TGFB1,TGFBR1,0.068302
A30 (398B),DC_A30,T-gamma/delta_A30,CCL5,CCR1,0.369775
A30 (398B),DC_A30,T-gamma/delta_A30,AREG,EGFR,0.266427
A30 (398B),DC_A30,T-gamma/delta_A30,IGF1,IGF1R,0.192599
A30 (398B),DC_A30,T-gamma/delta_A30,IL6,IL6R,0.001
A30 (398B),DC_A30,B-naive_A30,TNFSF13B,HLA-DPB1,0.21657
A30 (398B),DC_A30,B-naive_A30,VEGFA,KDR,0.215489
A30 (398B),DC_A30,B-naive_A30,WNT5A,FZD1,0.280609
A30 (398B),DC_A30,B-naive_A30,JAG1,NOTCH2,0.105434
A30 (398B),Plasma_A30,Stromal-Intestine_A30,BMP4,BMPR1A,0.085803
A30 (398B),Plasma_A30,Stromal-Intestine_A30,CCL5,CCR1,0.323592
A30 (398B),Plasma_A30,Stromal-Intestine_A30,CXCL12,CXCR4,0.178025
A30 (398B),T-CD4_A30,DC_A30,SPP1,CD44,0.187831
A30 (398B),T-CD4_A30,DC_A30,AREG,EGFR,0.509915
A30 (398B),T-CD4_A30,DC_A30,LTB,LTBR,0.440798
A30 (398B),T-CD4_A30,DC_A30,BMP4,BMPR1A,0.001
A30 (398B),T-CD4_A30,DC_A30,RPS19,C5AR1,0.251636
A30 (398B),B-naive_A30,DC_A30,JAG1,NOTCH2,0.180156
A30 (398B),B-naive_A30,DC_A30,AREG,EGFR,0.321885
A30 (398B),B-naive_A30,DC_A30,CSF1,CSF1R,0.39198
A30 (398B),B-naive_A30,DC_A30,CXCL12,CXCR4,0.415512
A30 (398B),B-naive_A30,DC_A30,SPP1,CD44,0.358114
A30 (398B),B-naive_A30,Epi-Intestine_A30,TNF,TNFRSF1A,0.132591
A30 (398B),B-naive_A30,Epi-Intestine_A30,PDGFB,PDGFRB,0.258228
A30 (398B),B-naive_A30,Epi-Intestine_A30,WNT5A,FZD1,0.107065
A30 (398B),B-naive_A30,Epi-Intestine_A30,C3,C3AR1,0.313236
A30 (398B),B-naive_A30,Plasma_A30,EFNA1,EPHA2,0.089526
A30 (398B),B-naive_A30,Plasma_A30,CD99,PILRA,0.204121
A30 (398B),B-naive_A30,Plasma_A30,APP,CD74,0.158778
A30 (398B),B-naive_A30,Plasma_A30,MIF,CD74,0.371513
A30 (398B),B-naive_A30,Plasma_A30,MDK,LRP1,0.282119
A30 (398B),B-naive_A30,T-CD4_A30,LGALS9,MRC1,0.216548
A30 (398B),B-naive_A30,T-CD4_A30,HLA-E,KLRC1,0.247332
A30 (398B),B-naive_A30,T-CD4_A30,EFNA1,EPHA2,0.300912
A30 (398B),B-naive_A30,T-CD4_A30,LTB,LTBR,0.349258
A30 (398B),B-naive_A30,T-CD4_A30,IL6,IL6R,0.288551
A30 (398B),B-naive_A30,T-CD4_A30,PDGFB,PDGFRB,0.071994
A30 (398B),DC_A30,Mono_A30,DLL1,NOTCH1,0.172159
A30 (398B),DC_A30,Mono_A30,C3,C3AR1,0.278209
A30 (398B),DC_A30,Mono_A30,FAM3C,HLA-C,0.41813
A30 (398B),DC_A30,Mono_A30,RPS19,C5AR1,0.314746
A30 (398B),DC_A30,Mono_A30,VEGFA,KDR,0.253483
A30 (398B),DC_A30,Mono_A30,BMP4,BMPR1A,0.28335
A30 (398B),DC_A30,Mono_A30,HLA-E,KLRC1,0.196036
A30 (398B),Epi-Intestine_A30,Stromal-Intestine_A30,CXCL12,CXCR4,0.116506
A30 (398B),Epi-Intestine_A30,Stromal-Intestine_A30,EGF,EGFR,0.25757
A30 (398B),Epi-Intestine_A30,Stromal-Intestine_A30,TGFB1,TGFBR1,0.259559
A30 (398B),Epi-Intestine_A30,Stromal-Intestine_A30,APP,CD74,0.178317
A30 (398B),Epi-Intestine_A30,Stromal-Intestine_A30,HGF,MET,0.163387
A30 (398B),Epi-Intestine_A30,Stromal-Intestine_A30,TNF,TNFRSF1A,0.259571
A30 (398B),T-CD8_A30,Stromal-Intestine_A30,MDK,LRP1,0.15114
A30 (398B),T-CD8_A30,Stromal-Intestine_A30,TNF,TNFRSF1A,0.029452
A30 (398B),T-CD8_A30,Stromal-Intestine_A30,TNFSF13B,HLA-DPB1,0.439544
A30 (398B),T-CD8_A30,Stromal-Intestine_A30,HLA-E,KLRC1,0.208933
A30 (398B),T-CD8_A30,Stromal-Intestine_A30,JAG1,NOTCH2,0.04575
A30 (398B),Mac_A30,T-CD8_A30,VEGFA,KDR,0.14332
A30 (398B),Mac_A30,T-CD8_A30,IGF1,IGF1R,0.141939
A30 (398B),Mac_A30,T-CD8_A30,CCL3,CCR1,0.238575
A30 (398B),Mac_A30,T-CD8_A30,LTB,LTBR,0.495722
A30 (398B),Mac_A30,T-CD8_A30,EGF,EGFR,0.226754
A30 (398B),Mac_A30,T-CD8_A30,TNF,TNFRSF1A,0.235819
A30 (398B),Endo_A30,NK_A30,CXCL12,CXCR4,0.206048
A30 (398B),Endo_A30,NK_A30,CDH1,ITGB1,0.193408
A30 (398B),Endo_A30,NK_A30,CCL5,CCR1,0.242082
A30 (398B),Endo_A30,NK_A30,LTB,LTBR,0.291194
A30 (398B),Endo_A30,NK_A30,CD99,PILRA,0.379797
A30 (398B),Endo_A30,NK_A30,TNF,TNFRSF1A,0.001
A30 (398B),Endo_A30,NK_A30,AREG,EGFR,0.400229
A30 (398B),T-CD8_A30,Mast_A30,EFNA1,EPHA2,0.23845
A30 (398B),T-CD8_A30,Mast_A30,LTB,LTBR,0.360577
A30 (398B),T-CD8_A30,Mast_A30,APP,CD74,0.259047
A30 (398B),B-naive_A30,T-gamma/delta_A30,EGF,EGFR,0.126383
A30 (398B),B-naive_A30,T-gamma/delta_A30,MDK,LRP1,0.453966
A30 (398B),B-naive_A30,T-gamma/delta_A30,JAG1,NOTCH2,0.044792
A30 (398B),B-naive_A30,T-gamma/delta_A30,SPP1,CD44,0.298581
A30 (398B),B-naive_A30,T-gamma/delta_A30,TGFB1,TGFBR1,0.125513
A30 (398B),B-naive_A30,T-gamma/delta_A30,TNF,TNFRSF1A,0.207531
A30 (398B),B-naive_A30,T-gamma/delta_A30,APP,CD74,0.263938
A30 (398B),Stromal-Intestine_A30,NK_A30,TGFB1,TGFBR1,0.234235
A30 (398B),Stromal-Intestine_A30,NK_A30,RPS19,C5AR1,0.327052
A30 (398B),Stromal-Intestine_A30,NK_A30,IL6,IL6R,0.122035
A30 (398B),Stromal-Intestine_A30,NK_A30,GRN,SORT1,0.28882
A30 (398B),Stromal-Intestine_A30,NK_A30,BMP4,BMPR1A,0.129915
A30 (398B),Stromal-Intestine_A30,NK_A30,FAM3C,HLA-C,0.530737
A30 (398B),Stromal-Intestine_A30,NK_A30,LGALS9,MRC1,0.444609
A30 (398B),Mast_A30,Endo_A30,RPS19,C5AR1,0.31921
A30 (398B),Mast_A30,Endo_A30,LILRB4,LAIR1,0.319256
A30 (398B),Mast_A30,Endo_A30,HGF,MET,0.270672
A30 (398B),T-gamma/delta_A30,Plasma_A30,EGF,EGFR,0.327647
A30 (398B),T-gamma/delta_A30,Plasma_A30,IGF1,IGF1R,0.137305
A30 (398B),T-gamma/delta_A30,Plasma_A30,FGF2,FGFR1,0.185955
A30 (398B),T-gamma/delta_A30,Plasma_A30,HGF,MET,0.223918
A30 (398B),T-gamma/delta_A30,Plasma_A30,CSF1,CSF1R,0.422005
A30 (398B),T-gamma/delta_A30,Plasma_A30,MIF,CD74,0.450942
A30 (398B),B-mem_A30,Stromal-Intestine_A30,CDH1,ITGB1,0.115941
A30 (398B),B-mem_A30,Stromal-Intestine_A30,FAM3C,HLA-C,0.385035
A30 (398B),B-mem_A30,Stromal-Intestine_A30,AREG,EGFR,0.246128
A30 (398B),B-mem_A30,Stromal-Intestine_A30,LILRB4,LAIR1,0.299518
A30 (398B),B-mem_A30,Stromal-Intestine_A30,VEGFA,KDR,0.129779
A30 (398B),B-mem_A30,Stromal-Intestine_A30,BMP4,BMPR1A,0.117535
A30 (398B),Mono_A30,Endo_A30,CSF1,CSF1R,0.286569
A30 (398B),Mono_A30,Endo_A30,MIF,CD74,0.436645
A30 (398B),Mono_A30,Endo_A30,IL6,IL6R,0.228713
A30 (398B),Mono_A30,Endo_A30,MDK,LRP1,0.201087
A30 (398B),Mono_A30,Endo_A30,FGF2,FGFR1,0.160879
A30 (398B),Mono_A30,Endo_A30,CCL3,CCR1,0.4286
A30 (398B),Plasma_A30,B-mem_A30,CCL5,CCR1,0.475838
A30 (398B),Plasma_A30,B-mem_A30,WNT5A,FZD1,0.001
A30 (398B),Plasma_A30,B-mem_A30,JAG1,NOTCH2,0.18023
A30 (398B),Plasma_A30,B-mem_A30,FAM3C,HLA-C,0.350528
A30 (398B),Plasma_A30,B-mem_A30,FGF2,FGFR1,0.384519
A30 (398B),Mac_A30,B-mem_A30,LGALS9,MRC1,0.394975
A30 (398B),Mac_A30,B-mem_A30,CDH1,ITGB1,0.183734
A30 (398B),Mac_A30,B-mem_A30,CXCL12,CXCR4,0.314023
A30 (398B),Mac_A30,B-mem_A30,EGF,EGFR,0.098046
A30 (398B),Mac_A30,B-mem_A30,VEGFA,KDR,0.113108
A30 (398B),Mac_A30,ILC3_A30,COPA,CD74,0.432252
A30 (398B),Mac_A30,ILC3_A30,CCL5,CCR1,0.28201
A30 (398B),Mac_A30,ILC3_A30,CSF1,CSF1R,0.415158
A30 (398B),Mac_A30,ILC3_A30,JAG1,NOTCH2,0.132852
A30 (398B),T-CD8_A30,Mac_A30,WNT5A,FZD1,0.125155
A30 (398B),T-CD8_A30,Mac_A30,RPS19,C5AR1,0.349986
A30 (398B),T-CD8_A30,Mac_A30,GRN,SORT1,0.424789
A30 (398B),T-CD8_A30,Mac_A30,EGF,EGFR,0.293305
A30 (398B),T-CD8_A30,Mac_A30,CCL5,CCR1,0.185612
A30 (398B),T-gamma/delta_A30,DC_A30,LTB,LTBR,0.324487
A30 (398B),T-gamma/delta_A30,DC_A30,HGF,MET,0.127039
A30 (398B),T-gamma/delta_A30,DC_A30,CCL5,CCR1,0.258102
A30 (398B),T-gamma/delta_A30,DC_A30,LGALS9,MRC1,0.271038
A30 (398B),T-gamma/delta_A30,DC_A30,MDK,LRP1,0.027686
A30 (398B),T-gamma/delta_A30,DC_A30,EGF,EGFR,0.208024
A30 (398B),T-gamma/delta_A30,DC_A30,CCL3,CCR1,0.149619
A30 (398B),T-CD8_A30,B-naive_A30,HLA-E,KLRC1,0.332207
A30 (398B),T-CD8_A30,B-naive_A30,CSF1,CSF1R,0.168674
A30 (398B),T-CD8_A30,B-naive_A30,EGF,EGFR,0.112751
A30 (398B),T-CD8_A30,B-naive_A30,MIF,CD74,0.227347
A30 (398B),T-CD8_A30,B-naive_A30,FGF2,FGFR1,0.233535
A30 (398B),T-CD8_A30,B-naive_A30,COPA,CD74,0.221467
A30 (398B),T-CD8_A30,B-naive_A30,PDGFB,PDGFRB,0.281684
A30 (398B),T-gamma/delta_A30,Mac_A30,TGFB1,TGFBR1,0.205411
A30 (398B),T-gamma/delta_A30,Mac_A30,TNFSF13B,HLA-DPB1,0.455418
A30 (398B),T-gamma/delta_A30,Mac_A30,GRN,SORT1,0.346062
A30 (398B),T-gamma/delta_A30,Mac_A30,CD99,PILRA,0.373987
A30 (398B),T-gamma/delta_A30,Mac_A30,WNT5A,FZD1,0.185956
A30 (398B),Mono_A30,Mast_A30,EFNA1,EPHA2,0.115941
A30 (398B),Mono_A30,Mast_A30,CDH1,ITGB1,0.169427
A30 (398B),Mono_A30,Mast_A30,MIF,CD74,0.318026
A30 (398B),Mono_A30,Mast_A30,LGALS9,MRC1,0.354495
A30 (398B),Mono_A30,Mast_A30,MDK,LRP1,0.512389
A30 (398B),Mono_A30,Epi-Intestine_A30,IL6,IL6R,0.209754
A30 (398B),Mono_A30,Epi-Intestine_A30,DLL1,NOTCH1,0.299654
A30 (398B),Mono_A30,Epi-Intestine_A30,TNFSF13B,HLA-DPB1,0.357198
A30 (398B),Mono_A30,Epi-Intestine_A30,CXCL12,CXCR4,0.334114
A30 (398B),Mono_A30,Epi-Intestine_A30,JAG1,NOTCH2,0.145588
A30 (398B),ILC3_A30,T-CD8_A30,TNFSF13B,HLA-DPB1,0.235823
A30 (398B),ILC3_A30,T-CD8_A30,IGF1,IGF1R,0.227361
A30 (398B),ILC3_A30,T-CD8_A30,CXCL12,CXCR4,0.343598
A30 (398B),ILC3_A30,T-CD8_A30,CCL5,CCR1,0.495468
A30 (398B),ILC3_A30,T-CD8_A30,SPP1,CD44,0.242686
A30 (398B),ILC3_A30,T-CD8_A30,TNF,TNFRSF1A,0.347743
A30 (398B),T-CD4_A30,Mono_A30,CDH1,ITGB1,0.296516
A30 (398B),T-CD4_A30,Mono_A30,CXCL12,CXCR4,0.419309
A30 (398B),T-CD4_A30,Mono_A30,SPP1,CD44,0.276871
A30 (398B),T-CD4_A30,Mono_A30,TGFB1,TGFBR1,0.307655
A30 (398B),Epi-Intestine_A30,B-mem_A30,EFNA1,EPHA2,0.168596
A30 (398B),Epi-Intestine_A30,B-mem_A30,IGF1,IGF1R,0.142206
A30 (398B),Epi-Intestine_A30,B-mem_A30,PDGFB,PDGFRB,0.144064
A30 (398B),Epi-Intestine_A30,B-mem_A30,CSF1,CSF1R,0.276291
A30 (398B),Epi-Intestine_A30,B-mem_A30,CXCL12,CXCR4,0.497188
A30 (398B),Stromal-Intestine_A30,Mono_A30,CDH1,ITGB1,0.251638
A30 (398B),Stromal-Intestine_A30,Mono_A30,TNFSF13B,HLA-DPB1,0.331204
A30 (398B),Stromal-Intestine_A30,Mono_A30,IGF1,IGF1R,0.00828
A30 (398B),Stromal-Intestine_A30,Mono_A30,CCL5,CCR1,0.157381
A30 (398B),Stromal-Intestine_A30,Mono_A30,BMP4,BMPR1A,0.211511
A30 (398B),Stromal-Intestine_A30,Mono_A30,TGFB1,TGFBR1,0.143508
A30 (398B),T-gamma/delta_A30,Stromal-Intestine_A30,GRN,SORT1,0.305197
A30 (398B),T-gamma/delta_A30,Stromal-Intestine_A30,LGALS9,MRC1,0.356609
A30 (398B),T-gamma/delta_A30,Stromal-Intestine_A30,FAM3C,HLA-C,0.300327
A30 (398B),T-gamma/delta_A30,Stromal-Intestine_A30,HGF,MET,0.250941
A30 (398B),T-gamma/delta_A30,Stromal-Intestine_A30,IL6,IL6R,0.021055
A30 (398B),T-gamma/delta_A30,Stromal-Intestine_A30,CCL3,CCR1,0.470922
A30 (398B),Endo_A30,Stromal-Intestine_A30,HLA-E,KLRC1,0.313277
A30 (398B),Endo_A30,Stromal-Intestine_A30,TNFSF13B,HLA-DPB1,0.330755
A30 (398B),Endo_A30,Stromal-Intestine_A30,FGF2,FGFR1,0.200628
A30 (398B),Endo_A30,Stromal-Intestine_A30,RPS19,C5AR1,0.320814
A30 (398B),T-CD8_A30,T-gamma/delta_A30,LGALS9,MRC1,0.432405
A30 (398B),T-CD8_A30,T-gamma/delta_A30,BMP4,BMPR1A,0.178261
A30 (398B),T-CD8_A30,T-gamma/delta_A30,AREG,EGFR,0.295084
A30 (398B),DC_A30,Epi-Intestine_A30,DLL1,NOTCH1,0.226195
A30 (398B),DC_A30,Epi-Intestine_A30,FAM3C,HLA-C,0.264313
A30 (398B),DC_A30,Epi-Intestine_A30,TNF,TNFRSF1A,0.068185
A30 (398B),DC_A30,Epi-Intestine_A30,HLA-E,KLRC1,0.231497
A30 (398B),T-CD8_A30,ILC3_A30,CSF1,CSF1R,0.261846
A30 (398B),T-CD8_A30,ILC3_A30,RPS19,C5AR1,0.336248
A30 (398B),T-CD8_A30,ILC3_A30,EFNA1,EPHA2,0.048384
A30 (398B),T-CD8_A30,ILC3_A30,C3,C3AR1,0.288244
A30 (398B),T-CD8_A30,ILC3_A30,IGF1,IGF1R,0.129591
A30 (398B),DC_A30,Stromal-Intestine_A30,EGF,EGFR,0.345111
A30 (398B),DC_A30,Stromal-Intestine_A30,DLL1,NOTCH1,0.318483
A30 (398B),DC_A30,Stromal-Intestine_A30,LGALS9,MRC1,0.306322
A30 (398B),DC_A30,Stromal-Intestine_A30,HLA-E,KLRC1,0.336739
A30 (398B),DC_A30,Stromal-Intestine_A30,CXCL12,CXCR4,0.205705
A30 (398B),DC_A30,Stromal-Intestine_A30,CCL3,CCR1,0.293997
A30 (398B),DC_A30,Stromal-Intestine_A30,AREG,EGFR,0.257183
