patient_id,source,target,ligand,receptor,prob
A26 (386C),Stromal-Intestine_A26,ILC3_A26,LILRB4,LAIR1,0.416924
A26 (386C),Stromal-Intestine_A26,ILC3_A26,TNF,TNFRSF1A,0.52002
A26 (386C),Stromal-Intestine_A26,ILC3_A26,LTB,LTBR,0.456741
A26 (386C),Stromal-Intestine_A26,ILC3_A26,FAM3C,HLA-C,0.704968
A26 (386C),DC_A26,Epi-Intestine_A26,LILRB4,LAIR1,0.508282
A26 (386C),DC_A26,Epi-Intestine_A26,TNFSF13B,HLA-DPB1,0.404751
A26 (386C),DC_A26,Epi-Intestine_A26,RPS19,C5AR1,0.508513
A26 (386C),DC_A26,Epi-Intestine_A26,CSF1,CSF1R,0.256306
A26 (386C),DC_A26,Epi-Intestine_A26,CDH1,ITGB1,0.264099
A26 (386C),Epi-Intestine_A26,T-CD8_A26,DLL1,NOTCH1,0.321054
A26 (386C),Epi-Intestine_A26,T-CD8_A26,FAM3C,HLA-C,0.812965
A26 (386C),Epi-Intestine_A26,T-CD8_A26,HLA-E,KLRC1,0.497345
A26 (386C),Epi-Intestine_A26,T-CD8_A26,CCL3,CCR1,0.603378
A26 (386C),Epi-Intestine_A26,T-CD8_A26,RPS19,C5AR1,0.455829
A26 (386C),Epi-Intestine_A26,T-CD8_A26,IL6,IL6R,0.312992
A26 (386C),Epi-Intestine_A26,T-CD8_A26,EFNA1,EPHA2,0.484853
A26 (386C),Plasma_A26,T-CD8_A26,DLL1,NOTCH1,0.287811
A26 (386C),Plasma_A26,T-CD8_A26,RPS19,C5AR1,0.428346
A26 (386C),Plasma_A26,T-CD8_A26,CDH1,ITGB1,0.497215
A26 (386C),Mono_A26,Epi-Intestine_A26,APP,CD74,0.562977
A26 (386C),Mono_A26,Epi-Intestine_A26,GRN,SORT1,0.537807
A26 (386C),Mono_A26,Epi-Intestine_A26,MIF,CD74,0.55446
A26 (386C),Mono_A26,Epi-Intestine_A26,RPS19,C5AR1,0.490584
A26 (386C),Mono_A26,Epi-Intestine_A26,HLA-E,KLRC1,0.593214
A26 (386C),B-mem_A26,T-CD8_A26,RPS19,C5AR1,0.412083
A26 (386C),B-mem_A26,T-CD8_A26,IGF1,IGF1R,0.136985
A26 (386C),B-mem_A26,T-CD8_A26,LTB,LTBR,0.255323
A26 (386C),B-mem_A26,T-CD8_A26,HLA-E,KLRC1,0.565965
A26 (386C),B-mem_A26,Mac_A26,HLA-E,KLRC1,0.681439
A26 (386C),B-mem_A26,Mac_A26,IL6,IL6R,0.551638
A26 (386C),B-mem_A26,Mac_A26,CDH1,ITGB1,0.340118
A26 (386C),B-mem_A26,Mac_A26,JAG1,NOTCH2,0.217043
A26 (386C),B-mem_A26,Mac_A26,SPP1,CD44,0.837067
A26 (386C),B-mem_A26,Mac_A26,MDK,LRP1,0.346843
A26 (386C),B-mem_A26,Mac_A26,LGALS9,MRC1,0.484874
A26 (386C),DC_A26,T-CD4_A26,MIF,CD74,0.668949
A26 (386C),DC_A26,T-CD4_A26,AREG,EGFR,0.441913
A26 (386C),DC_A26,T-CD4_A26,LTB,LTBR,0.412924
A26 (386C),DC_A26,T-CD4_A26,CCL5,CCR1,0.509537
A26 (386C),DC_A26,T-CD4_A26,DLL1,NOTCH1,0.435104
A26 (386C),DC_A26,T-CD4_A26,HLA-E,KLRC1,0.405039
A26 (386C),DC_A26,T-CD4_A26,IGF1,IGF1R,0.280206
A26 (386C),Plasma_A26,NK_A26,MDK,LRP1,0.76204
A26 (386C),Plasma_A26,NK_A26,CSF1,CSF1R,0.56402
A26 (386C),Plasma_A26,NK_A26,CXCL12,CXCR4,0.567611
A26 (386C),Plasma_A26,NK_A26,PDGFB,PDGFRB,0.377184
A26 (386C),Mac_A26,Plasma_A26,FGF2,FGFR1,0.001
A26 (386C),Mac_A26,Plasma_A26,TNF,TNFRSF1A,0.001
A26 (386C),Mac_A26,Plasma_A26,APP,CD74,0.352752
A26 (386C),Mac_A26,Plasma_A26,CCL3,CCR1,0.572062
A26 (386C),Mac_A26,Plasma_A26,IGF1,IGF1R,0.508172
A26 (386C),Mac_A26,Plasma_A26,CCL5,CCR1,0.427764
A26 (386C),Mac_A26,Plasma_A26,FAM3C,HLA-C,0.38109
A26 (386C),Endo_A26,Mono_A26,IL6,IL6R,0.001
A26 (386C),Endo_A26,Mono_A26,WNT5A,FZD1,0.189057
A26 (386C),Endo_A26,Mono_A26,IGF1,IGF1R,0.290482
A26 (386C),Endo_A26,Mono_A26,JAG1,NOTCH2,0.098372
A26 (386C),Endo_A26,Mono_A26,TNF,TNFRSF1A,0.271196
A26 (386C),Endo_A26,Mono_A26,LTB,LTBR,0.689571
A26 (386C),Endo_A26,Mono_A26,LGALS9,MRC1,0.260317
A26 (386C),Mast_A26,T-gamma/delta_A26,JAG1,NOTCH2,0.165276
A26 (386C),Mast_A26,T-gamma/delta_A26,HGF,MET,0.19595
A26 (386C),Mast_A26,T-gamma/delta_A26,IGF1,IGF1R,0.200726
A26 (386C),Mast_A26,T-gamma/delta_A26,CSF1,CSF1R,0.363124
A26 (386C),Mast_A26,T-gamma/delta_A26,VEGFA,KDR,0.080209
A26 (386C),Mast_A26,T-gamma/delta_A26,EFNA1,EPHA2,0.130216
A26 (386C),ILC3_A26,Mast_A26,GRN,SORT1,0.349188
A26 (386C),ILC3_A26,Mast_A26,DLL1,NOTCH1,0.46404
A26 (386C),ILC3_A26,Mast_A26,CDH1,ITGB1,0.008577
A26 (386C),ILC3_A26,Mast_A26,TNFSF13B,HLA-DPB1,0.35872
A26 (386C),ILC3_A26,Mast_A26,LILRB4,LAIR1,0.274913
A26 (386C),ILC3_A26,Mast_A26,MDK,LRP1,0.561462
A26 (386C),ILC3_A26,Mast_A26,MIF,CD74,0.532219
A26 (386C),Mac_A26,ILC3_A26,CSF1,CSF1R,0.697157
A26 (386C),Mac_A26,ILC3_A26,CCL3,CCR1,0.28337
A26 (386C),Mac_A26,ILC3_A26,AREG,EGFR,0.611464
A26 (386C),Mac_A26,ILC3_A26,LTB,LTBR,0.71661
A26 (386C),Mac_A26,ILC3_A26,APP,CD74,0.315122
A26 (386C),T-gamma/delta_A26,Endo_A26,CDH1,ITGB1,0.230592
A26 (386C),T-gamma/delta_A26,Endo_A26,BMP4,BMPR1A,0.078308
A26 (386C),T-gamma/delta_A26,Endo_A26,WNT5A,FZD1,0.20902
A26 (386C),T-gamma/delta_A26,Endo_A26,HGF,MET,0.182854
A26 (386C),T-gamma/delta_A26,Endo_A26,TNFSF13B,HLA-DPB1,0.28604
A26 (386C),T-CD8_A26,Stromal-Intestine_A26,AREG,EGFR,0.238773
A26 (386C),T-CD8_A26,Stromal-Intestine_A26,VEGFA,KDR,0.309247
A26 (386C),T-CD8_A26,Stromal-Intestine_A26,BMP4,BMPR1A,0.368239
A26 (386C),T-CD8_A26,Stromal-Intestine_A26,EFNA1,EPHA2,0.561494
A26 (386C),Epi-Intestine_A26,ILC3_A26,TNFSF13B,HLA-DPB1,0.494715
A26 (386C),Epi-Intestine_A26,ILC3_A26,COPA,CD74,0.361333
A26 (386C),Epi-Intestine_A26,ILC3_A26,HLA-E,KLRC1,0.586449
A26 (386C),Epi-Intestine_A26,ILC3_A26,SPP1,CD44,0.40216
A26 (386C),Epi-Intestine_A26,T-CD4_A26,GRN,SORT1,0.810639
A26 (386C),Epi-Intestine_A26,T-CD4_A26,EFNA1,EPHA2,0.376879
A26 (386C),Epi-Intestine_A26,T-CD4_A26,EGF,EGFR,0.289782
A26 (386C),Epi-Intestine_A26,T-CD4_A26,IGF1,IGF1R,0.217555
A26 (386C),Epi-Intestine_A26,T-CD4_A26,WNT5A,FZD1,0.124007
A26 (386C),Epi-Intestine_A26,T-CD4_A26,CDH1,ITGB1,0.515583
A26 (386C),Epi-Intestine_A26,T-CD4_A26,C3,C3AR1,0.40773
A26 (386C),Mac_A26,T-gamma/delta_A26,CDH1,ITGB1,0.159564
A26 (386C),Mac_A26,T-gamma/delta_A26,DLL1,NOTCH1,0.001
A26 (386C),Mac_A26,T-gamma/delta_A26,IGF1,IGF1R,0.286661
A26 (386C),Mac_A26,T-gamma/delta_A26,FAM3C,HLA-C,0.404419
A26 (386C),Mac_A26,T-gamma/delta_A26,AREG,EGFR,0.604058
A26 (386C),Mac_A26,T-gamma/delta_A26,APP,CD74,0.362893
A26 (386C),Mac_A26,T-gamma/delta_A26,JAG1,NOTCH2,0.001
A26 (386C),B-naive_A26,Mast_A26,DLL1,NOTCH1,0.001
A26 (386C),B-naive_A26,Mast_A26,IGF1,IGF1R,0.194019
A26 (386C),B-naive_A26,Mast_A26,HLA-E,KLRC1,0.851039
A26 (386C),B-naive_A26,Mast_A26,LILRB4,LAIR1,0.48274
A26 (386C),B-naive_A26,Mast_A26,TNFSF13B,HLA-DPB1,0.380033
A26 (386C),B-mem_A26,B-naive_A26,PDGFB,PDGFRB,0.25412
A26 (386C),B-mem_A26,B-naive_A26,TNF,TNFRSF1A,0.146017
A26 (386C),B-mem_A26,B-naive_A26,JAG1,NOTCH2,0.367213
A26 (386C),B-mem_A26,B-naive_A26,TNFSF13B,HLA-DPB1,0.512201
A26 (386C),B-mem_A26,B-naive_A26,MIF,CD74,0.69415
A26 (386C),ILC3_A26,B-naive_A26,LTB,LTBR,0.335301
A26 (386C),ILC3_A26,B-naive_A26,EFNA1,EPHA2,0.20345
A26 (386C),ILC3_A26,B-naive_A26,WNT5A,FZD1,0.182834
A26 (386C),ILC3_A26,B-naive_A26,MIF,CD74,0.290487
A26 (386C),ILC3_A26,B-naive_A26,VEGFA,KDR,0.076849
A26 (386C),ILC3_A26,B-naive_A26,RPS19,C5AR1,0.555737
A26 (386C),Stromal-Intestine_A26,Epi-Intestine_A26,CSF1,CSF1R,0.438691
A26 (386C),Stromal-Intestine_A26,Epi-Intestine_A26,CXCL12,CXCR4,0.51931
A26 (386C),Stromal-Intestine_A26,Epi-Intestine_A26,FAM3C,HLA-C,0.391027
A26 (386C),Stromal-Intestine_A26,Epi-Intestine_A26,EGF,EGFR,0.336359
A26 (386C),Mast_A26,Stromal-Intestine_A26,SPP1,CD44,0.692267
A26 (386C),Mast_A26,Stromal-Intestine_A26,CDH1,ITGB1,0.49261
A26 (386C),Mast_A26,Stromal-Intestine_A26,APP,CD74,0.519008
A26 (386C),Mast_A26,Stromal-Intestine_A26,FGF2,FGFR1,0.250386
A26 (386C),Mast_A26,Stromal-Intestine_A26,CCL5,CCR1,0.632485
A26 (386C),Mast_A26,Stromal-Intestine_A26,MIF,CD74,0.402188
A26 (386C),Mast_A26,Stromal-Intestine_A26,EFNA1,EPHA2,0.40283
A26 (386C),T-gamma/delta_A26,B-naive_A26,FGF2,FGFR1,0.27301
A26 (386C),T-gamma/delta_A26,B-naive_A26,VEGFA,KDR,0.186844
A26 (386C),T-gamma/delta_A26,B-naive_A26,FAM3C,HLA-C,0.42309
A26 (386C),T-gamma/delta_A26,B-naive_A26,MIF,CD74,0.475793
A26 (386C),B-naive_A26,ILC3_A26,CDH1,ITGB1,0.027485
A26 (386C),B-naive_A26,ILC3_A26,CCL5,CCR1,0.68451
A26 (386C),B-naive_A26,ILC3_A26,EGF,EGFR,0.241522
A26 (386C),B-naive_A26,ILC3_A26,WNT5A,FZD1,0.062805
A26 (386C),Plasma_A26,Mac_A26,FAM3C,HLA-C,0.523144
A26 (386C),Plasma_A26,Mac_A26,LILRB4,LAIR1,0.584292
A26 (386C),Plasma_A26,Mac_A26,APP,CD74,0.572806
A26 (386C),Plasma_A26,Mac_A26,HLA-E,KLRC1,0.545617
A26 (386C),Plasma_A26,Mac_A26,FGF2,FGFR1,0.513557
A26 (386C),Plasma_A26,Mac_A26,CSF1,CSF1R,0.448164
A26 (386C),Stromal-Intestine_A26,Plasma_A26,AREG,EGFR,0.455855
A26 (386C),Stromal-Intestine_A26,Plasma_A26,WNT5A,FZD1,0.326453
A26 (386C),Stromal-Intestine_A26,Plasma_A26,APP,CD74,0.41736
A26 (386C),Stromal-Intestine_A26,Plasma_A26,HLA-E,KLRC1,0.346698
A26 (386C),Stromal-Intestine_A26,Plasma_A26,MDK,LRP1,0.279054
A26 (386C),Stromal-Intestine_A26,Plasma_A26,HGF,MET,0.268582
A26 (386C),Stromal-Intestine_A26,Plasma_A26,CD99,PILRA,0.294528
A26 (386C),Endo_A26,Stromal-Intestine_A26,TNF,TNFRSF1A,0.001
A26 (386C),Endo_A26,Stromal-Intestine_A26,CCL3,CCR1,0.43312
A26 (386C),Endo_A26,Stromal-Intestine_A26,PDGFB,PDGFRB,0.370983
A26 (386C),Endo_A26,Stromal-Intestine_A26,TGFB1,TGFBR1,0.117742
A26 (386C),Endo_A26,Stromal-Intestine_A26,HGF,MET,0.397872
A26 (386C),Endo_A26,Stromal-Intestine_A26,CDH1,ITGB1,0.416453
A26 (386C),Endo_A26,Stromal-Intestine_A26,EGF,EGFR,0.136938
A26 (386C),Mast_A26,Mac_A26,FAM3C,HLA-C,0.465037
A26 (386C),Mast_A26,Mac_A26,HLA-E,KLRC1,0.52229
A26 (386C),Mast_A26,Mac_A26,C3,C3AR1,0.497249
A26 (386C),Mast_A26,Mac_A26,CSF1,CSF1R,0.539656
A26 (386C),Mast_A26,Mac_A26,EGF,EGFR,0.346038
A26 (386C),Mast_A26,Mac_A26,AREG,EGFR,0.788326
A26 (386C),Mast_A26,Mac_A26,APP,CD74,0.345971
A26 (386C),T-CD8_A26,T-gamma/delta_A26,CSF1,CSF1R,0.582659
A26 (386C),T-CD8_A26,T-gamma/delta_A26,WNT5A,FZD1,0.208006
A26 (386C),T-CD8_A26,T-gamma/delta_A26,VEGFA,KDR,0.395478
A26 (386C),T-CD8_A26,T-gamma/delta_A26,FAM3C,HLA-C,0.580232
A26 (386C),T-CD8_A26,T-gamma/delta_A26,HGF,MET,0.305053
A26 (386C),B-mem_A26,Epi-Intestine_A26,IL6,IL6R,0.098524
A26 (386C),B-mem_A26,Epi-Intestine_A26,CDH1,ITGB1,0.419882
A26 (386C),B-mem_A26,Epi-Intestine_A26,C3,C3AR1,0.397298
A26 (386C),B-mem_A26,Epi-Intestine_A26,IGF1,IGF1R,0.444292
A26 (386C),B-mem_A26,Epi-Intestine_A26,COPA,CD74,0.259331
A26 (386C),B-mem_A26,Epi-Intestine_A26,MDK,LRP1,0.748159
A26 (386C),B-mem_A26,Epi-Intestine_A26,GRN,SORT1,0.649196
A26 (386C),T-CD4_A26,DC_A26,RPS19,C5AR1,0.516326
A26 (386C),T-CD4_A26,DC_A26,TNF,TNFRSF1A,0.107242
A26 (386C),T-CD4_A26,DC_A26,LTB,LTBR,0.503856
A26 (386C),T-CD4_A26,DC_A26,EGF,EGFR,0.17378
A26 (386C),T-CD4_A26,DC_A26,SPP1,CD44,0.491267
A26 (386C),T-gamma/delta_A26,Stromal-Intestine_A26,GRN,SORT1,0.445015
A26 (386C),T-gamma/delta_A26,Stromal-Intestine_A26,CCL5,CCR1,0.358801
A26 (386C),T-gamma/delta_A26,Stromal-Intestine_A26,C3,C3AR1,0.446192
A26 (386C),T-gamma/delta_A26,Stromal-Intestine_A26,RPS19,C5AR1,0.444697
A26 (386C),Mono_A26,Mac_A26,AREG,EGFR,0.435103
A26 (386C),Mono_A26,Mac_A26,BMP4,BMPR1A,0.202199
A26 (386C),Mono_A26,Mac_A26,CD99,PILRA,0.37658
A26 (386C),Mono_A26,Mac_A26,VEGFA,KDR,0.35664
A26 (386C),Epi-Intestine_A26,DC_A26,IGF1,IGF1R,0.447299
A26 (386C),Epi-Intestine_A26,DC_A26,TGFB1,TGFBR1,0.540104
A26 (386C),Epi-Intestine_A26,DC_A26,APP,CD74,0.631223
A26 (386C),Epi-Intestine_A26,DC_A26,PDGFB,PDGFRB,0.381339
A26 (386C),DC_A26,Plasma_A26,SPP1,CD44,0.599821
A26 (386C),DC_A26,Plasma_A26,MDK,LRP1,0.334099
A26 (386C),DC_A26,Plasma_A26,AREG,EGFR,0.659924
A26 (386C),Plasma_A26,Endo_A26,RPS19,C5AR1,0.389431
A26 (386C),Plasma_A26,Endo_A26,EFNA1,EPHA2,0.31306
A26 (386C),Plasma_A26,Endo_A26,CDH1,ITGB1,0.257614
A26 (386C),Plasma_A26,Endo_A26,JAG1,NOTCH2,0.054406
A26 (386C),Plasma_A26,Endo_A26,APP,CD74,0.399371
A26 (386C),NK_A26,B-naive_A26,FGF2,FGFR1,0.212828
A26 (386C),NK_A26,B-naive_A26,BMP4,BMPR1A,0.140122
A26 (386C),NK_A26,B-naive_A26,LGALS9,MRC1,0.4689
A26 (386C),NK_A26,B-naive_A26,COPA,CD74,0.076567
A26 (386C),NK_A26,B-naive_A26,EGF,EGFR,0.233895
A26 (386C),NK_A26,B-naive_A26,IL6,IL6R,0.232037
A26 (386C),NK_A26,B-naive_A26,LTB,LTBR,0.72935
A26 (386C),Endo_A26,T-CD8_A26,C3,C3AR1,0.59722
A26 (386C),Endo_A26,T-CD8_A26,IGF1,IGF1R,0.373509
A26 (386C),Endo_A26,T-CD8_A26,COPA,CD74,0.432623
A38 (432C),ILC3_A38,NK_A38,CCL5,CCR1,0.394541
A38 (432C),ILC3_A38,NK_A38,MDK,LRP1,0.658444
A38 (432C),ILC3_A38,NK_A38,DLL1,NOTCH1,0.210813
A38 (432C),ILC3_A38,NK_A38,APP,CD74,0.715139
A38 (432C),T-CD8_A38,Mac_A38,HLA-E,KLRC1,0.618337
A38 (432C),T-CD8_A38,Mac_A38,CCL3,CCR1,0.644267
A38 (432C),T-CD8_A38,Mac_A38,C3,C3AR1,0.392967
A38 (432C),T-CD8_A38,Mac_A38,AREG,EGFR,0.341883
A38 (432C),T-CD8_A38,Mac_A38,FAM3C,HLA-C,0.535491
A38 (432C),T-CD8_A38,Mac_A38,BMP4,BMPR1A,0.424401
A38 (432C),T-CD8_A38,Mac_A38,CSF1,CSF1R,0.382977
A38 (432C),T-gamma/delta_A38,B-naive_A38,C3,C3AR1,0.532083
A38 (432C),T-gamma/delta_A38,B-naive_A38,IL6,IL6R,0.310608
A38 (432C),T-gamma/delta_A38,B-naive_A38,TGFB1,TGFBR1,0.504713
A38 (432C),T-gamma/delta_A38,B-naive_A38,FGF2,FGFR1,0.448172
A38 (432C),T-gamma/delta_A38,B-naive_A38,CCL5,CCR1,0.412672
A38 (432C),DC_A38,B-naive_A38,SPP1,CD44,0.507001
A38 (432C),DC_A38,B-naive_A38,MIF,CD74,0.439592
A38 (432C),DC_A38,B-naive_A38,LTB,LTBR,0.372637
A38 (432C),DC_A38,B-naive_A38,HGF,MET,0.14624
A38 (432C),DC_A38,B-naive_A38,RPS19,C5AR1,0.750148
A38 (432C),DC_A38,B-naive_A38,IGF1,IGF1R,0.501688
A38 (432C),B-mem_A38,Endo_A38,TNF,TNFRSF1A,0.252865
A38 (432C),B-mem_A38,Endo_A38,JAG1,NOTCH2,0.524717
A38 (432C),B-mem_A38,Endo_A38,EFNA1,EPHA2,0.474135
A38 (432C),B-mem_A38,Endo_A38,DLL1,NOTCH1,0.233373
A38 (432C),B-mem_A38,Endo_A38,TGFB1,TGFBR1,0.250143
A38 (432C),B-mem_A38,Endo_A38,SPP1,CD44,0.313753
A38 (432C),B-mem_A38,Endo_A38,C3,C3AR1,0.32888
A38 (432C),Mast_A38,DC_A38,CDH1,ITGB1,0.320049
A38 (432C),Mast_A38,DC_A38,TNF,TNFRSF1A,0.255194
A38 (432C),Mast_A38,DC_A38,TGFB1,TGFBR1,0.313744
A38 (432C),Mast_A38,DC_A38,LGALS9,MRC1,0.675384
A38 (432C),Mast_A38,DC_A38,AREG,EGFR,0.427729
A38 (432C),Mast_A38,DC_A38,MDK,LRP1,0.731334
A38 (432C),B-mem_A38,Stromal-Intestine_A38,GRN,SORT1,0.296592
A38 (432C),B-mem_A38,Stromal-Intestine_A38,CDH1,ITGB1,0.102786
A38 (432C),B-mem_A38,Stromal-Intestine_A38,HLA-E,KLRC1,0.508439
A38 (432C),B-mem_A38,Stromal-Intestine_A38,LTB,LTBR,0.54438
A38 (432C),B-mem_A38,Stromal-Intestine_A38,LILRB4,LAIR1,0.79792
A38 (432C),B-mem_A38,Stromal-Intestine_A38,CSF1,CSF1R,0.509826
A38 (432C),B-mem_A38,Stromal-Intestine_A38,TGFB1,TGFBR1,0.073977
A38 (432C),Endo_A38,Plasma_A38,CD99,PILRA,0.377522
A38 (432C),Endo_A38,Plasma_A38,CCL3,CCR1,0.592054
A38 (432C),Endo_A38,Plasma_A38,TNF,TNFRSF1A,0.225457
A38 (432C),Endo_A38,Plasma_A38,CSF1,CSF1R,0.398549
A38 (432C),Endo_A38,Plasma_A38,WNT5A,FZD1,0.26973
A38 (432C),T-CD4_A38,DC_A38,AREG,EGFR,0.68498
A38 (432C),T-CD4_A38,DC_A38,CCL3,CCR1,0.735487
A38 (432C),T-CD4_A38,DC_A38,SPP1,CD44,0.302455
A38 (432C),T-CD4_A38,DC_A38,VEGFA,KDR,0.494622
A38 (432C),T-CD4_A38,DC_A38,CDH1,ITGB1,0.378869
A38 (432C),T-CD4_A38,DC_A38,EFNA1,EPHA2,0.232195
A38 (432C),T-CD4_A38,DC_A38,WNT5A,FZD1,0.219942
A38 (432C),B-naive_A38,Plasma_A38,COPA,CD74,0.462571
A38 (432C),B-naive_A38,Plasma_A38,HGF,MET,0.258177
A38 (432C),B-naive_A38,Plasma_A38,TGFB1,TGFBR1,0.05729
A38 (432C),Stromal-Intestine_A38,DC_A38,CCL5,CCR1,0.809956
A38 (432C),Stromal-Intestine_A38,DC_A38,TGFB1,TGFBR1,0.24959
A38 (432C),Stromal-Intestine_A38,DC_A38,CCL3,CCR1,0.635366
A38 (432C),Stromal-Intestine_A38,DC_A38,CXCL12,CXCR4,0.809636
A38 (432C),Stromal-Intestine_A38,DC_A38,TNFSF13B,HLA-DPB1,0.376817
A38 (432C),Stromal-Intestine_A38,DC_A38,CD99,PILRA,0.52715
A38 (432C),Stromal-Intestine_A38,DC_A38,LGALS9,MRC1,0.345193
A38 (432C),Mono_A38,B-naive_A38,GRN,SORT1,0.760432
A38 (432C),Mono_A38,B-naive_A38,PDGFB,PDGFRB,0.488867
A38 (432C),Mono_A38,B-naive_A38,AREG,EGFR,0.340634
A38 (432C),Mono_A38,B-naive_A38,TNFSF13B,HLA-DPB1,0.634277
A38 (432C),Mono_A38,B-naive_A38,APP,CD74,0.524537
A38 (432C),Mono_A38,B-naive_A38,DLL1,NOTCH1,0.264494
A38 (432C),Mono_A38,B-naive_A38,SPP1,CD44,0.61624
A38 (432C),Endo_A38,ILC3_A38,AREG,EGFR,0.515072
A38 (432C),Endo_A38,ILC3_A38,MIF,CD74,0.528852
A38 (432C),Endo_A38,ILC3_A38,LILRB4,LAIR1,0.322544
A38 (432C),Endo_A38,ILC3_A38,CD99,PILRA,0.476827
A38 (432C),Endo_A38,ILC3_A38,CCL3,CCR1,0.709446
A38 (432C),T-CD4_A38,Mast_A38,EGF,EGFR,0.267183
A38 (432C),T-CD4_A38,Mast_A38,MDK,LRP1,0.545473
A38 (432C),T-CD4_A38,Mast_A38,DLL1,NOTCH1,0.247193
A38 (432C),T-CD4_A38,Mast_A38,TNF,TNFRSF1A,0.293917
A38 (432C),B-naive_A38,T-gamma/delta_A38,WNT5A,FZD1,0.469829
A38 (432C),B-naive_A38,T-gamma/delta_A38,VEGFA,KDR,0.553157
A38 (432C),B-naive_A38,T-gamma/delta_A38,HLA-E,KLRC1,0.59005
A38 (432C),B-naive_A38,T-gamma/delta_A38,BMP4,BMPR1A,0.164418
A38 (432C),B-naive_A38,T-gamma/delta_A38,TNF,TNFRSF1A,0.162787
A38 (432C),B-naive_A38,T-gamma/delta_A38,MDK,LRP1,0.381901
A38 (432C),B-naive_A38,T-gamma/delta_A38,MIF,CD74,0.279576
A38 (432C),DC_A38,B-mem_A38,GRN,SORT1,0.474977
A38 (432C),DC_A38,B-mem_A38,LILRB4,LAIR1,0.645571
A38 (432C),DC_A38,B-mem_A38,BMP4,BMPR1A,0.428614
A38 (432C),DC_A38,T-CD8_A38,TNF,TNFRSF1A,0.43174
A38 (432C),DC_A38,T-CD8_A38,EGF,EGFR,0.07404
A38 (432C),DC_A38,T-CD8_A38,CCL5,CCR1,0.29974
A38 (432C),DC_A38,T-CD8_A38,FAM3C,HLA-C,0.322822
A38 (432C),DC_A38,T-CD8_A38,LGALS9,MRC1,0.355989
A38 (432C),DC_A38,T-CD8_A38,VEGFA,KDR,0.20423
A38 (432C),DC_A38,T-CD8_A38,CXCL12,CXCR4,0.491011
A38 (432C),Mac_A38,Mono_A38,MIF,CD74,0.489765
A38 (432C),Mac_A38,Mono_A38,SPP1,CD44,0.577521
A38 (432C),Mac_A38,Mono_A38,PDGFB,PDGFRB,0.199402
A38 (432C),Mac_A38,Mono_A38,EGF,EGFR,0.156652
A38 (432C),Mac_A38,Mono_A38,DLL1,NOTCH1,0.06244
A38 (432C),Mac_A38,Mono_A38,COPA,CD74,0.414855
A38 (432C),T-CD4_A38,B-naive_A38,IL6,IL6R,0.230166
A38 (432C),T-CD4_A38,B-naive_A38,SPP1,CD44,0.629218
A38 (432C),T-CD4_A38,B-naive_A38,DLL1,NOTCH1,0.363523
A38 (432C),T-CD4_A38,B-naive_A38,MDK,LRP1,0.601718
A38 (432C),T-CD4_A38,B-naive_A38,CSF1,CSF1R,0.327793
A38 (432C),T-CD4_A38,B-naive_A38,CD99,PILRA,0.484235
A38 (432C),B-naive_A38,DC_A38,LTB,LTBR,0.623667
A38 (432C),B-naive_A38,DC_A38,MDK,LRP1,0.38876
A38 (432C),B-naive_A38,DC_A38,TGFB1,TGFBR1,0.066189
A38 (432C),Plasma_A38,Epi-Intestine_A38,C3,C3AR1,0.5758
A38 (432C),Plasma_A38,Epi-Intestine_A38,TGFB1,TGFBR1,0.318892
A38 (432C),Plasma_A38,Epi-Intestine_A38,APP,CD74,0.561374
A38 (432C),Plasma_A38,Epi-Intestine_A38,BMP4,BMPR1A,0.386979
A38 (432C),Plasma_A38,Epi-Intestine_A38,HLA-E,KLRC1,0.370526
A38 (432C),Plasma_A38,Epi-Intestine_A38,CDH1,ITGB1,0.085632
A38 (432C),Plasma_A38,Epi-Intestine_A38,LILRB4,LAIR1,0.546581
A38 (432C),T-CD4_A38,Mac_A38,CXCL12,CXCR4,0.436877
A38 (432C),T-CD4_A38,Mac_A38,VEGFA,KDR,0.385253
A38 (432C),T-CD4_A38,Mac_A38,IL6,IL6R,0.454764
A38 (432C),T-CD4_A38,Mac_A38,CD99,PILRA,0.462068
A38 (432C),T-CD4_A38,Mac_A38,GRN,SORT1,0.334405
A38 (432C),T-CD4_A38,Mac_A38,HLA-E,KLRC1,0.496675
A38 (432C),T-CD4_A38,Mac_A38,CCL5,CCR1,0.421627
A38 (432C),Mac_A38,ILC3_A38,PDGFB,PDGFRB,0.529052
A38 (432C),Mac_A38,ILC3_A38,IGF1,IGF1R,0.041735
A38 (432C),Mac_A38,ILC3_A38,DLL1,NOTCH1,0.323884
A38 (432C),Mac_A38,ILC3_A38,CSF1,CSF1R,0.084994
A38 (432C),Mac_A38,ILC3_A38,COPA,CD74,0.683952
A38 (432C),Mac_A38,ILC3_A38,SPP1,CD44,0.537689
A38 (432C),Endo_A38,NK_A38,CSF1,CSF1R,0.352717
A38 (432C),Endo_A38,NK_A38,CCL5,CCR1,0.187827
A38 (432C),Endo_A38,NK_A38,LILRB4,LAIR1,0.520091
A38 (432C),Endo_A38,NK_A38,JAG1,NOTCH2,0.336694
A38 (432C),Endo_A38,NK_A38,FGF2,FGFR1,0.413026
A38 (432C),Endo_A38,NK_A38,APP,CD74,0.538031
A38 (432C),Mono_A38,Endo_A38,IL6,IL6R,0.184973
A38 (432C),Mono_A38,Endo_A38,MIF,CD74,0.387616
A38 (432C),Mono_A38,Endo_A38,FAM3C,HLA-C,0.595772
A38 (432C),Mono_A38,Endo_A38,WNT5A,FZD1,0.623598
A38 (432C),Mono_A38,Endo_A38,CDH1,ITGB1,0.608608
A38 (432C),Mono_A38,Endo_A38,TNF,TNFRSF1A,0.398123
A38 (432C),Endo_A38,DC_A38,GRN,SORT1,0.533766
A38 (432C),Endo_A38,DC_A38,HGF,MET,0.237821
A38 (432C),Endo_A38,DC_A38,FAM3C,HLA-C,0.749958
A38 (432C),Endo_A38,DC_A38,LTB,LTBR,0.638488
A38 (432C),Endo_A38,DC_A38,MIF,CD74,0.45091
A38 (432C),NK_A38,B-mem_A38,IGF1,IGF1R,0.15511
A38 (432C),NK_A38,B-mem_A38,LILRB4,LAIR1,0.68439
A38 (432C),NK_A38,B-mem_A38,FAM3C,HLA-C,0.64686
A38 (432C),NK_A38,B-mem_A38,LTB,LTBR,0.505816
A38 (432C),NK_A38,B-mem_A38,RPS19,C5AR1,0.318617
A38 (432C),NK_A38,B-mem_A38,EGF,EGFR,0.481197
A38 (432C),NK_A38,B-mem_A38,HLA-E,KLRC1,0.766843
A38 (432C),Endo_A38,Mast_A38,FGF2,FGFR1,0.157765
A38 (432C),Endo_A38,Mast_A38,JAG1,NOTCH2,0.189815
A38 (432C),Endo_A38,Mast_A38,SPP1,CD44,0.374563
A38 (432C),Mac_A38,B-naive_A38,MDK,LRP1,0.674041
A38 (432C),Mac_A38,B-naive_A38,HLA-E,KLRC1,0.601237
A38 (432C),Mac_A38,B-naive_A38,CDH1,ITGB1,0.331128
A38 (432C),Mac_A38,B-naive_A38,FAM3C,HLA-C,0.757271
A38 (432C),Mac_A38,B-naive_A38,WNT5A,FZD1,0.488228
A38 (432C),Mac_A38,B-naive_A38,LILRB4,LAIR1,0.563778
A38 (432C),T-gamma/delta_A38,Epi-Intestine_A38,MIF,CD74,0.456556
A38 (432C),T-gamma/delta_A38,Epi-Intestine_A38,COPA,CD74,0.510832
A38 (432C),T-gamma/delta_A38,Epi-Intestine_A38,CDH1,ITGB1,0.407882
A38 (432C),T-gamma/delta_A38,Epi-Intestine_A38,MDK,LRP1,0.889805
A38 (432C),T-gamma/delta_A38,Epi-Intestine_A38,APP,CD74,0.431128
A38 (432C),T-gamma/delta_A38,Epi-Intestine_A38,DLL1,NOTCH1,0.159872
A38 (432C),T-gamma/delta_A38,Epi-Intestine_A38,CXCL12,CXCR4,0.725578
A38 (432C),ILC3_A38,Plasma_A38,MIF,CD74,0.639061
A38 (432C),ILC3_A38,Plasma_A38,TNF,TNFRSF1A,0.271626
A38 (432C),ILC3_A38,Plasma_A38,EGF,EGFR,0.039423
A38 (432C),ILC3_A38,Plasma_A38,AREG,EGFR,0.474927
A38 (432C),ILC3_A38,Plasma_A38,LTB,LTBR,0.65398
A38 (432C),Mono_A38,B-mem_A38,CCL5,CCR1,0.396247
A38 (432C),Mono_A38,B-mem_A38,LTB,LTBR,0.234284
A38 (432C),Mono_A38,B-mem_A38,C3,C3AR1,0.436849
A38 (432C),Mono_A38,B-mem_A38,CSF1,CSF1R,0.482222
A38 (432C),Mono_A38,T-CD8_A38,MDK,LRP1,0.534854
A38 (432C),Mono_A38,T-CD8_A38,LTB,LTBR,0.372989
A38 (432C),Mono_A38,T-CD8_A38,WNT5A,FZD1,0.33425
A38 (432C),Mono_A38,T-CD8_A38,EFNA1,EPHA2,0.344382
A38 (432C),Mono_A38,T-CD8_A38,FGF2,FGFR1,0.345465
A38 (432C),Mono_A38,T-CD8_A38,BMP4,BMPR1A,0.32676
A38 (432C),DC_A38,Plasma_A38,DLL1,NOTCH1,0.264841
A38 (432C),DC_A38,Plasma_A38,PDGFB,PDGFRB,0.365953
A38 (432C),DC_A38,Plasma_A38,BMP4,BMPR1A,0.001
A38 (432C),DC_A38,Plasma_A38,HLA-E,KLRC1,0.581699
A38 (432C),DC_A38,Plasma_A38,FAM3C,HLA-C,0.582732
A38 (432C),Stromal-Intestine_A38,ILC3_A38,GRN,SORT1,0.945554
A38 (432C),Stromal-Intestine_A38,ILC3_A38,EGF,EGFR,0.153234
A38 (432C),Stromal-Intestine_A38,ILC3_A38,TGFB1,TGFBR1,0.550668
A38 (432C),Plasma_A38,T-CD4_A38,FAM3C,HLA-C,0.495837
A38 (432C),Plasma_A38,T-CD4_A38,HLA-E,KLRC1,0.469383
A38 (432C),Plasma_A38,T-CD4_A38,GRN,SORT1,0.496718
A38 (432C),NK_A38,ILC3_A38,LTB,LTBR,0.502212
A38 (432C),NK_A38,ILC3_A38,TNF,TNFRSF1A,0.001
A38 (432C),NK_A38,ILC3_A38,AREG,EGFR,0.343756
A38 (432C),NK_A38,ILC3_A38,IL6,IL6R,0.017534
A38 (432C),NK_A38,ILC3_A38,RPS19,C5AR1,0.59448
A38 (432C),NK_A38,ILC3_A38,FAM3C,HLA-C,0.642221
A38 (432C),ILC3_A38,B-mem_A38,IGF1,IGF1R,0.231297
A38 (432C),ILC3_A38,B-mem_A38,MIF,CD74,0.440806
A38 (432C),ILC3_A38,B-mem_A38,LGALS9,MRC1,0.645681
A38 (432C),ILC3_A38,B-mem_A38,LILRB4,LAIR1,0.531896
A38 (432C),ILC3_A38,B-mem_A38,MDK,LRP1,0.587718
A38 (432C),B-mem_A38,Mac_A38,BMP4,BMPR1A,0.318198
A38 (432C),B-mem_A38,Mac_A38,APP,CD74,0.50522
A38 (432C),B-mem_A38,Mac_A38,HGF,MET,0.326349
A38 (432C),B-mem_A38,Mac_A38,CSF1,CSF1R,0.439084
A38 (432C),B-mem_A38,Mac_A38,AREG,EGFR,0.591573
A38 (432C),B-mem_A38,Mac_A38,IGF1,IGF1R,0.187751
A38 (432C),B-mem_A38,Mac_A38,LILRB4,LAIR1,0.415144
A38 (432C),Plasma_A38,Endo_A38,TGFB1,TGFBR1,0.476847
A38 (432C),Plasma_A38,Endo_A38,CDH1,ITGB1,0.001
A38 (432C),Plasma_A38,Endo_A38,PDGFB,PDGFRB,0.474498
A30 (398B),Stromal-Intestine_A30,B-mem_A30,LTB,LTBR,0.604569
A30 (398B),Stromal-Intestine_A30,B-mem_A30,SPP1,CD44,0.349332
A30 (398B),Stromal-Intestine_A30,B-mem_A30,CDH1,ITGB1,0.262586
A30 (398B),Stromal-Intestine_A30,B-mem_A30,TGFB1,TGFBR1,0.315064
A30 (398B),DC_A30,T-gamma/delta_A30,CCL5,CCR1,0.501041
A30 (398B),DC_A30,T-gamma/delta_A30,AREG,EGFR,0.5056
A30 (398B),DC_A30,T-gamma/delta_A30,IGF1,IGF1R,0.213178
A30 (398B),DC_A30,T-gamma/delta_A30,IL6,IL6R,0.379863
A30 (398B),DC_A30,B-naive_A30,TNFSF13B,HLA-DPB1,0.249035
A30 (398B),DC_A30,B-naive_A30,VEGFA,KDR,0.444968
A30 (398B),DC_A30,B-naive_A30,WNT5A,FZD1,0.311768
A30 (398B),DC_A30,B-naive_A30,JAG1,NOTCH2,0.30359
A30 (398B),Plasma_A30,Stromal-Intestine_A30,BMP4,BMPR1A,0.264261
A30 (398B),Plasma_A30,Stromal-Intestine_A30,CCL5,CCR1,0.421704
A30 (398B),Plasma_A30,Stromal-Intestine_A30,CXCL12,CXCR4,0.39645
A30 (398B),T-CD4_A30,DC_A30,SPP1,CD44,0.457734
A30 (398B),T-CD4_A30,DC_A30,AREG,EGFR,0.463763
A30 (398B),T-CD4_A30,DC_A30,LTB,LTBR,0.576212
A30 (398B),T-CD4_A30,DC_A30,BMP4,BMPR1A,0.187616
A30 (398B),T-CD4_A30,DC_A30,RPS19,C5AR1,0.575424
A30 (398B),B-naive_A30,DC_A30,JAG1,NOTCH2,0.344187
A30 (398B),B-naive_A30,DC_A30,AREG,EGFR,0.462021
A30 (398B),B-naive_A30,DC_A30,CSF1,CSF1R,0.551901
A30 (398B),B-naive_A30,DC_A30,CXCL12,CXCR4,0.652602
A30 (398B),B-naive_A30,DC_A30,SPP1,CD44,0.618986
A30 (398B),B-naive_A30,Epi-Intestine_A30,TNF,TNFRSF1A,0.183627
A30 (398B),B-naive_A30,Epi-Intestine_A30,PDGFB,PDGFRB,0.270323
A30 (398B),B-naive_A30,Epi-Intestine_A30,WNT5A,FZD1,0.025802
A30 (398B),B-naive_A30,Epi-Intestine_A30,C3,C3AR1,0.664003
A30 (398B),B-naive_A30,Plasma_A30,EFNA1,EPHA2,0.325624
A30 (398B),B-naive_A30,Plasma_A30,CD99,PILRA,0.562082
A30 (398B),B-naive_A30,Plasma_A30,APP,CD74,0.311009
A30 (398B),B-naive_A30,Plasma_A30,MIF,CD74,0.686586
A30 (398B),B-naive_A30,Plasma_A30,MDK,LRP1,0.527624
A30 (398B),B-naive_A30,T-CD4_A30,LGALS9,MRC1,0.747729
A30 (398B),B-naive_A30,T-CD4_A30,HLA-E,KLRC1,0.652207
A30 (398B),B-naive_A30,T-CD4_A30,EFNA1,EPHA2,0.254383
A30 (398B),B-naive_A30,T-CD4_A30,LTB,LTBR,0.574516
A30 (398B),B-naive_A30,T-CD4_A30,IL6,IL6R,0.180387
A30 (398B),B-naive_A30,T-CD4_A30,PDGFB,PDGFRB,0.371651
A30 (398B),DC_A30,Mono_A30,DLL1,NOTCH1,0.45822
A30 (398B),DC_A30,Mono_A30,C3,C3AR1,0.638071
A30 (398B),DC_A30,Mono_A30,FAM3C,HLA-C,0.73855
A30 (398B),DC_A30,Mono_A30,RPS19,C5AR1,0.369082
A30 (398B),DC_A30,Mono_A30,VEGFA,KDR,0.239427
A30 (398B),DC_A30,Mono_A30,BMP4,BMPR1A,0.124468
A30 (398B),DC_A30,Mono_A30,HLA-E,KLRC1,0.807383
A30 (398B),Epi-Intestine_A30,Stromal-Intestine_A30,CXCL12,CXCR4,0.696215
A30 (398B),Epi-Intestine_A30,Stromal-Intestine_A30,EGF,EGFR,0.229462
A30 (398B),Epi-Intestine_A30,Stromal-Intestine_A30,TGFB1,TGFBR1,0.270363
A30 (398B),Epi-Intestine_A30,Stromal-Intestine_A30,APP,CD74,0.441235
A30 (398B),Epi-Intestine_A30,Stromal-Intestine_A30,HGF,MET,0.226335
A30 (398B),Epi-Intestine_A30,Stromal-Intestine_A30,TNF,TNFRSF1A,0.443109
A30 (398B),T-CD8_A30,Stromal-Intestine_A30,MDK,LRP1,0.556756
A30 (398B),T-CD8_A30,Stromal-Intestine_A30,TNF,TNFRSF1A,0.001
A30 (398B),T-CD8_A30,Stromal-Intestine_A30,TNFSF13B,HLA-DPB1,0.643602
A30 (398B),T-CD8_A30,Stromal-Intestine_A30,HLA-E,KLRC1,0.426286
A30 (398B),T-CD8_A30,Stromal-Intestine_A30,JAG1,NOTCH2,0.247254
A30 (398B),Mac_A30,T-CD8_A30,VEGFA,KDR,0.304207
A30 (398B),Mac_A30,T-CD8_A30,IGF1,IGF1R,0.266386
A30 (398B),Mac_A30,T-CD8_A30,CCL3,CCR1,0.68127
A30 (398B),Mac_A30,T-CD8_A30,LTB,LTBR,0.566733
A30 (398B),Mac_A30,T-CD8_A30,EGF,EGFR,0.061148
A30 (398B),Mac_A30,T-CD8_A30,TNF,TNFRSF1A,0.095585
A30 (398B),Endo_A30,NK_A30,CXCL12,CXCR4,0.416135
A30 (398B),Endo_A30,NK_A30,CDH1,ITGB1,0.281672
A30 (398B),Endo_A30,NK_A30,CCL5,CCR1,0.269825
A30 (398B),Endo_A30,NK_A30,LTB,LTBR,0.50424
A30 (398B),Endo_A30,NK_A30,CD99,PILRA,0.59042
A30 (398B),Endo_A30,NK_A30,TNF,TNFRSF1A,0.125942
A30 (398B),Endo_A30,NK_A30,AREG,EGFR,0.464298
A30 (398B),T-CD8_A30,Mast_A30,EFNA1,EPHA2,0.243706
A30 (398B),T-CD8_A30,Mast_A30,LTB,LTBR,0.485696
A30 (398B),T-CD8_A30,Mast_A30,APP,CD74,0.416091
A30 (398B),B-naive_A30,T-gamma/delta_A30,EGF,EGFR,0.412971
A30 (398B),B-naive_A30,T-gamma/delta_A30,MDK,LRP1,0.633754
A30 (398B),B-naive_A30,T-gamma/delta_A30,JAG1,NOTCH2,0.478957
A30 (398B),B-naive_A30,T-gamma/delta_A30,SPP1,CD44,0.583332
A30 (398B),B-naive_A30,T-gamma/delta_A30,TGFB1,TGFBR1,0.363001
A30 (398B),B-naive_A30,T-gamma/delta_A30,TNF,TNFRSF1A,0.180559
A30 (398B),B-naive_A30,T-gamma/delta_A30,APP,CD74,0.498643
A30 (398B),Stromal-Intestine_A30,NK_A30,TGFB1,TGFBR1,0.441847
A30 (398B),Stromal-Intestine_A30,NK_A30,RPS19,C5AR1,0.550745
A30 (398B),Stromal-Intestine_A30,NK_A30,IL6,IL6R,0.559397
A30 (398B),Stromal-Intestine_A30,NK_A30,GRN,SORT1,0.690742
A30 (398B),Stromal-Intestine_A30,NK_A30,BMP4,BMPR1A,0.592024
A30 (398B),Stromal-Intestine_A30,NK_A30,FAM3C,HLA-C,0.583655
A30 (398B),Stromal-Intestine_A30,NK_A30,LGALS9,MRC1,0.583671
A30 (398B),Mast_A30,Endo_A30,RPS19,C5AR1,0.572169
A30 (398B),Mast_A30,Endo_A30,LILRB4,LAIR1,0.543635
A30 (398B),Mast_A30,Endo_A30,HGF,MET,0.364144
A30 (398B),T-gamma/delta_A30,Plasma_A30,EGF,EGFR,0.222152
A30 (398B),T-gamma/delta_A30,Plasma_A30,IGF1,IGF1R,0.559457
A30 (398B),T-gamma/delta_A30,Plasma_A30,FGF2,FGFR1,0.184362
A30 (398B),T-gamma/delta_A30,Plasma_A30,HGF,MET,0.338685
A30 (398B),T-gamma/delta_A30,Plasma_A30,CSF1,CSF1R,0.435979
A30 (398B),T-gamma/delta_A30,Plasma_A30,MIF,CD74,0.541663
A30 (398B),B-mem_A30,Stromal-Intestine_A30,CDH1,ITGB1,0.393178
A30 (398B),B-mem_A30,Stromal-Intestine_A30,FAM3C,HLA-C,0.571949
A30 (398B),B-mem_A30,Stromal-Intestine_A30,AREG,EGFR,0.727092
A30 (398B),B-mem_A30,Stromal-Intestine_A30,LILRB4,LAIR1,0.582183
A30 (398B),B-mem_A30,Stromal-Intestine_A30,VEGFA,KDR,0.241457
A30 (398B),B-mem_A30,Stromal-Intestine_A30,BMP4,BMPR1A,0.184608
A30 (398B),Mono_A30,Endo_A30,CSF1,CSF1R,0.469494
A30 (398B),Mono_A30,Endo_A30,MIF,CD74,0.358427
A30 (398B),Mono_A30,Endo_A30,IL6,IL6R,0.385948
A30 (398B),Mono_A30,Endo_A30,MDK,LRP1,0.350732
A30 (398B),Mono_A30,Endo_A30,FGF2,FGFR1,0.054059
A30 (398B),Mono_A30,Endo_A30,CCL3,CCR1,0.308244
A30 (398B),Plasma_A30,B-mem_A30,CCL5,CCR1,0.505641
A30 (398B),Plasma_A30,B-mem_A30,WNT5A,FZD1,0.283734
A30 (398B),Plasma_A30,B-mem_A30,JAG1,NOTCH2,0.427743
A30 (398B),Plasma_A30,B-mem_A30,FAM3C,HLA-C,0.510133
A30 (398B),Plasma_A30,B-mem_A30,FGF2,FGFR1,0.549519
A30 (398B),Mac_A30,B-mem_A30,LGALS9,MRC1,0.246778
A30 (398B),Mac_A30,B-mem_A30,CDH1,ITGB1,0.050451
A30 (398B),Mac_A30,B-mem_A30,CXCL12,CXCR4,0.639135
A30 (398B),Mac_A30,B-mem_A30,EGF,EGFR,0.391944
A30 (398B),Mac_A30,B-mem_A30,VEGFA,KDR,0.450291
A30 (398B),Mac_A30,ILC3_A30,COPA,CD74,0.709594
A30 (398B),Mac_A30,ILC3_A30,CCL5,CCR1,0.363266
A30 (398B),Mac_A30,ILC3_A30,CSF1,CSF1R,0.660614
A30 (398B),Mac_A30,ILC3_A30,JAG1,NOTCH2,0.064913
A30 (398B),T-CD8_A30,Mac_A30,WNT5A,FZD1,0.358292
A30 (398B),T-CD8_A30,Mac_A30,RPS19,C5AR1,0.660232
A30 (398B),T-CD8_A30,Mac_A30,GRN,SORT1,0.647284
A30 (398B),T-CD8_A30,Mac_A30,EGF,EGFR,0.313791
A30 (398B),T-CD8_A30,Mac_A30,CCL5,CCR1,0.554715
A30 (398B),T-gamma/delta_A30,DC_A30,LTB,LTBR,0.573011
A30 (398B),T-gamma/delta_A30,DC_A30,HGF,MET,0.279285
A30 (398B),T-gamma/delta_A30,DC_A30,CCL5,CCR1,0.57145
A30 (398B),T-gamma/delta_A30,DC_A30,LGALS9,MRC1,0.331503
A30 (398B),T-gamma/delta_A30,DC_A30,MDK,LRP1,0.338614
A30 (398B),T-gamma/delta_A30,DC_A30,EGF,EGFR,0.05142
A30 (398B),T-gamma/delta_A30,DC_A30,CCL3,CCR1,0.553243
A30 (398B),T-CD8_A30,B-naive_A30,HLA-E,KLRC1,0.729162
A30 (398B),T-CD8_A30,B-naive_A30,CSF1,CSF1R,0.663601
A30 (398B),T-CD8_A30,B-naive_A30,EGF,EGFR,0.001
A30 (398B),T-CD8_A30,B-naive_A30,MIF,CD74,0.37047
A30 (398B),T-CD8_A30,B-naive_A30,FGF2,FGFR1,0.290505
A30 (398B),T-CD8_A30,B-naive_A30,COPA,CD74,0.780848
A30 (398B),T-CD8_A30,B-naive_A30,PDGFB,PDGFRB,0.275359
A30 (398B),T-gamma/delta_A30,Mac_A30,TGFB1,TGFBR1,0.457378
A30 (398B),T-gamma/delta_A30,Mac_A30,TNFSF13B,HLA-DPB1,0.420204
A30 (398B),T-gamma/delta_A30,Mac_A30,GRN,SORT1,0.314195
A30 (398B),T-gamma/delta_A30,Mac_A30,CD99,PILRA,0.681325
A30 (398B),T-gamma/delta_A30,Mac_A30,WNT5A,FZD1,0.473713
A30 (398B),Mono_A30,Mast_A30,EFNA1,EPHA2,0.244862
A30 (398B),Mono_A30,Mast_A30,CDH1,ITGB1,0.238847
A30 (398B),Mono_A30,Mast_A30,MIF,CD74,0.610023
A30 (398B),Mono_A30,Mast_A30,LGALS9,MRC1,0.665183
A30 (398B),Mono_A30,Mast_A30,MDK,LRP1,0.688045
A30 (398B),Mono_A30,Epi-Intestine_A30,IL6,IL6R,0.259905
A30 (398B),Mono_A30,Epi-Intestine_A30,DLL1,NOTCH1,0.10854
A30 (398B),Mono_A30,Epi-Intestine_A30,TNFSF13B,HLA-DPB1,0.466794
A30 (398B),Mono_A30,Epi-Intestine_A30,CXCL12,CXCR4,0.42569
A30 (398B),Mono_A30,Epi-Intestine_A30,JAG1,NOTCH2,0.171465
A30 (398B),ILC3_A30,T-CD8_A30,TNFSF13B,HLA-DPB1,0.529238
A30 (398B),ILC3_A30,T-CD8_A30,IGF1,IGF1R,0.51091
A30 (398B),ILC3_A30,T-CD8_A30,CXCL12,CXCR4,0.811756
A30 (398B),ILC3_A30,T-CD8_A30,CCL5,CCR1,0.340321
A30 (398B),ILC3_A30,T-CD8_A30,SPP1,CD44,0.310812
A30 (398B),ILC3_A30,T-CD8_A30,TNF,TNFRSF1A,0.385349
A30 (398B),T-CD4_A30,Mono_A30,CDH1,ITGB1,0.198518
A30 (398B),T-CD4_A30,Mono_A30,CXCL12,CXCR4,0.153973
A30 (398B),T-CD4_A30,Mono_A30,SPP1,CD44,0.403695
A30 (398B),T-CD4_A30,Mono_A30,TGFB1,TGFBR1,0.14483
A30 (398B),Epi-Intestine_A30,B-mem_A30,EFNA1,EPHA2,0.327215
A30 (398B),Epi-Intestine_A30,B-mem_A30,IGF1,IGF1R,0.316998
A30 (398B),Epi-Intestine_A30,B-mem_A30,PDGFB,PDGFRB,0.30397
A30 (398B),Epi-Intestine_A30,B-mem_A30,CSF1,CSF1R,0.655541
A30 (398B),Epi-Intestine_A30,B-mem_A30,CXCL12,CXCR4,0.429544
A30 (398B),Stromal-Intestine_A30,Mono_A30,CDH1,ITGB1,0.085546
A30 (398B),Stromal-Intestine_A30,Mono_A30,TNFSF13B,HLA-DPB1,0.401688
A30 (398B),Stromal-Intestine_A30,Mono_A30,IGF1,IGF1R,0.225006
A30 (398B),Stromal-Intestine_A30,Mono_A30,CCL5,CCR1,0.600793
A30 (398B),Stromal-Intestine_A30,Mono_A30,BMP4,BMPR1A,0.201609
A30 (398B),Stromal-Intestine_A30,Mono_A30,TGFB1,TGFBR1,0.396781
A30 (398B),T-gamma/delta_A30,Stromal-Intestine_A30,GRN,SORT1,0.252363
A30 (398B),T-gamma/delta_A30,Stromal-Intestine_A30,LGALS9,MRC1,0.403684
A30 (398B),T-gamma/delta_A30,Stromal-Intestine_A30,FAM3C,HLA-C,0.361731
A30 (398B),T-gamma/delta_A30,Stromal-Intestine_A30,HGF,MET,0.311162
A30 (398B),T-gamma/delta_A30,Stromal-Intestine_A30,IL6,IL6R,0.345134
A30 (398B),T-gamma/delta_A30,Stromal-Intestine_A30,CCL3,CCR1,0.375468
A30 (398B),Endo_A30,Stromal-Intestine_A30,HLA-E,KLRC1,0.42851
A30 (398B),Endo_A30,Stromal-Intestine_A30,TNFSF13B,HLA-DPB1,0.754545
A30 (398B),Endo_A30,Stromal-Intestine_A30,FGF2,FGFR1,0.356775
A30 (398B),Endo_A30,Stromal-Intestine_A30,RPS19,C5AR1,0.861526
A30 (398B),T-CD8_A30,T-gamma/delta_A30,LGALS9,MRC1,0.619286
A30 (398B),T-CD8_A30,T-gamma/delta_A30,BMP4,BMPR1A,0.239032
A30 (398B),T-CD8_A30,T-gamma/delta_A30,AREG,EGFR,0.773316
A30 (398B),DC_A30,Epi-Intestine_A30,DLL1,NOTCH1,0.480715
A30 (398B),DC_A30,Epi-Intestine_A30,FAM3C,HLA-C,0.782677
A30 (398B),DC_A30,Epi-Intestine_A30,TNF,TNFRSF1A,0.227381
A30 (398B),DC_A30,Epi-Intestine_A30,HLA-E,KLRC1,0.455726
A30 (398B),T-CD8_A30,ILC3_A30,CSF1,CSF1R,0.486805
A30 (398B),T-CD8_A30,ILC3_A30,RPS19,C5AR1,0.531491
A30 (398B),T-CD8_A30,ILC3_A30,EFNA1,EPHA2,0.178295
A30 (398B),T-CD8_A30,ILC3_A30,C3,C3AR1,0.419621
A30 (398B),T-CD8_A30,ILC3_A30,IGF1,IGF1R,0.320342
A30 (398B),DC_A30,Stromal-Intestine_A30,EGF,EGFR,0.275115
A30 (398B),DC_A30,Stromal-Intestine_A30,DLL1,NOTCH1,0.070196
A30 (398B),DC_A30,Stromal-Intestine_A30,LGALS9,MRC1,0.53427
A30 (398B),DC_A30,Stromal-Intestine_A30,HLA-E,KLRC1,0.612323
A30 (398B),DC_A30,Stromal-Intestine_A30,CXCL12,CXCR4,0.596752
A30 (398B),DC_A30,Stromal-Intestine_A30,CCL3,CCR1,0.513747
A30 (398B),DC_A30,Stromal-Intestine_A30,AREG,EGFR,0.731103
