patient_id,source,target,ligand,receptor,lr.mean
A26 (386C),Stromal-Intestine_A26,ILC3_A26,LILRB4,LAIR1,0.941473
A26 (386C),Stromal-Intestine_A26,ILC3_A26,TNF,TNFRSF1A,0.81916
A26 (386C),Stromal-Intestine_A26,ILC3_A26,LTB,LTBR,0.904812
A26 (386C),Stromal-Intestine_A26,ILC3_A26,FAM3C,HLA-C,0.384203
A26 (386C),DC_A26,Epi-Intestine_A26,LILRB4,LAIR1,0.631946
A26 (386C),DC_A26,Epi-Intestine_A26,TNFSF13B,HLA-DPB1,0.339063
A26 (386C),DC_A26,Epi-Intestine_A26,RPS19,C5AR1,0.951039
A26 (386C),DC_A26,Epi-Intestine_A26,CSF1,CSF1R,1.0
A26 (386C),DC_A26,Epi-Intestine_A26,CDH1,ITGB1,0.750314
A26 (386C),Epi-Intestine_A26,T-CD8_A26,DLL1,NOTCH1,0.167264
A26 (386C),Epi-Intestine_A26,T-CD8_A26,FAM3C,HLA-C,0.690281
A26 (386C),Epi-Intestine_A26,T-CD8_A26,HLA-E,KLRC1,1.0
A26 (386C),Epi-Intestine_A26,T-CD8_A26,CCL3,CCR1,0.642518
A26 (386C),Epi-Intestine_A26,T-CD8_A26,RPS19,C5AR1,1.0
A26 (386C),Epi-Intestine_A26,T-CD8_A26,IL6,IL6R,0.117596
A26 (386C),Epi-Intestine_A26,T-CD8_A26,EFNA1,EPHA2,0.094184
A26 (386C),Plasma_A26,T-CD8_A26,DLL1,NOTCH1,0.289588
A26 (386C),Plasma_A26,T-CD8_A26,RPS19,C5AR1,0.860098
A26 (386C),Plasma_A26,T-CD8_A26,CDH1,ITGB1,0.408963
A26 (386C),Mono_A26,Epi-Intestine_A26,APP,CD74,1.0
A26 (386C),Mono_A26,Epi-Intestine_A26,GRN,SORT1,0.909844
A26 (386C),Mono_A26,Epi-Intestine_A26,MIF,CD74,0.627997
A26 (386C),Mono_A26,Epi-Intestine_A26,RPS19,C5AR1,0.409244
A26 (386C),Mono_A26,Epi-Intestine_A26,HLA-E,KLRC1,0.635616
A26 (386C),B-mem_A26,T-CD8_A26,RPS19,C5AR1,0.525293
A26 (386C),B-mem_A26,T-CD8_A26,IGF1,IGF1R,0.578911
A26 (386C),B-mem_A26,T-CD8_A26,LTB,LTBR,1.0
A26 (386C),B-mem_A26,T-CD8_A26,HLA-E,KLRC1,0.4199
A26 (386C),B-mem_A26,Mac_A26,HLA-E,KLRC1,0.630728
A26 (386C),B-mem_A26,Mac_A26,IL6,IL6R,0.625996
A26 (386C),B-mem_A26,Mac_A26,CDH1,ITGB1,0.445553
A26 (386C),B-mem_A26,Mac_A26,JAG1,NOTCH2,0.229912
A26 (386C),B-mem_A26,Mac_A26,SPP1,CD44,0.52734
A26 (386C),B-mem_A26,Mac_A26,MDK,LRP1,0.710457
A26 (386C),B-mem_A26,Mac_A26,LGALS9,MRC1,1.0
A26 (386C),DC_A26,T-CD4_A26,MIF,CD74,0.977699
A26 (386C),DC_A26,T-CD4_A26,AREG,EGFR,0.633797
A26 (386C),DC_A26,T-CD4_A26,LTB,LTBR,0.872951
A26 (386C),DC_A26,T-CD4_A26,CCL5,CCR1,0.463809
A26 (386C),DC_A26,T-CD4_A26,DLL1,NOTCH1,0.241763
A26 (386C),DC_A26,T-CD4_A26,HLA-E,KLRC1,1.0
A26 (386C),DC_A26,T-CD4_A26,IGF1,IGF1R,0.536441
A26 (386C),Plasma_A26,NK_A26,MDK,LRP1,0.843337
A26 (386C),Plasma_A26,NK_A26,CSF1,CSF1R,0.597215
A26 (386C),Plasma_A26,NK_A26,CXCL12,CXCR4,1.0
A26 (386C),Plasma_A26,NK_A26,PDGFB,PDGFRB,0.444263
A26 (386C),Mac_A26,Plasma_A26,FGF2,FGFR1,0.072479
A26 (386C),Mac_A26,Plasma_A26,TNF,TNFRSF1A,0.700244
A26 (386C),Mac_A26,Plasma_A26,APP,CD74,0.898431
A26 (386C),Mac_A26,Plasma_A26,CCL3,CCR1,1.0
A26 (386C),Mac_A26,Plasma_A26,IGF1,IGF1R,0.798501
A26 (386C),Mac_A26,Plasma_A26,CCL5,CCR1,0.725295
A26 (386C),Mac_A26,Plasma_A26,FAM3C,HLA-C,0.672642
A26 (386C),Endo_A26,Mono_A26,IL6,IL6R,0.510191
A26 (386C),Endo_A26,Mono_A26,WNT5A,FZD1,0.252496
A26 (386C),Endo_A26,Mono_A26,IGF1,IGF1R,0.472782
A26 (386C),Endo_A26,Mono_A26,JAG1,NOTCH2,0.600462
A26 (386C),Endo_A26,Mono_A26,TNF,TNFRSF1A,0.398097
A26 (386C),Endo_A26,Mono_A26,LTB,LTBR,1.0
A26 (386C),Endo_A26,Mono_A26,LGALS9,MRC1,0.901442
A26 (386C),Mast_A26,T-gamma/delta_A26,JAG1,NOTCH2,0.450685
A26 (386C),Mast_A26,T-gamma/delta_A26,HGF,MET,0.276804
A26 (386C),Mast_A26,T-gamma/delta_A26,IGF1,IGF1R,0.385942
A26 (386C),Mast_A26,T-gamma/delta_A26,CSF1,CSF1R,0.951513
A26 (386C),Mast_A26,T-gamma/delta_A26,VEGFA,KDR,0.225664
A26 (386C),Mast_A26,T-gamma/delta_A26,EFNA1,EPHA2,0.755733
A26 (386C),ILC3_A26,Mast_A26,GRN,SORT1,1.0
A26 (386C),ILC3_A26,Mast_A26,DLL1,NOTCH1,0.382663
A26 (386C),ILC3_A26,Mast_A26,CDH1,ITGB1,0.637706
A26 (386C),ILC3_A26,Mast_A26,TNFSF13B,HLA-DPB1,1.0
A26 (386C),ILC3_A26,Mast_A26,LILRB4,LAIR1,0.857106
A26 (386C),ILC3_A26,Mast_A26,MDK,LRP1,0.760996
A26 (386C),ILC3_A26,Mast_A26,MIF,CD74,1.0
A26 (386C),Mac_A26,ILC3_A26,CSF1,CSF1R,0.638531
A26 (386C),Mac_A26,ILC3_A26,CCL3,CCR1,0.522362
A26 (386C),Mac_A26,ILC3_A26,AREG,EGFR,0.360947
A26 (386C),Mac_A26,ILC3_A26,LTB,LTBR,0.931581
A26 (386C),Mac_A26,ILC3_A26,APP,CD74,1.0
A26 (386C),T-gamma/delta_A26,Endo_A26,CDH1,ITGB1,0.588614
A26 (386C),T-gamma/delta_A26,Endo_A26,BMP4,BMPR1A,0.262206
A26 (386C),T-gamma/delta_A26,Endo_A26,WNT5A,FZD1,0.572857
A26 (386C),T-gamma/delta_A26,Endo_A26,HGF,MET,0.403023
A26 (386C),T-gamma/delta_A26,Endo_A26,TNFSF13B,HLA-DPB1,0.839017
A26 (386C),T-CD8_A26,Stromal-Intestine_A26,AREG,EGFR,1.0
A26 (386C),T-CD8_A26,Stromal-Intestine_A26,VEGFA,KDR,0.816635
A26 (386C),T-CD8_A26,Stromal-Intestine_A26,BMP4,BMPR1A,0.802214
A26 (386C),T-CD8_A26,Stromal-Intestine_A26,EFNA1,EPHA2,0.36226
A26 (386C),Epi-Intestine_A26,ILC3_A26,TNFSF13B,HLA-DPB1,0.657124
A26 (386C),Epi-Intestine_A26,ILC3_A26,COPA,CD74,0.831485
A26 (386C),Epi-Intestine_A26,ILC3_A26,HLA-E,KLRC1,0.552546
A26 (386C),Epi-Intestine_A26,ILC3_A26,SPP1,CD44,0.698157
A26 (386C),Epi-Intestine_A26,T-CD4_A26,GRN,SORT1,0.195709
A26 (386C),Epi-Intestine_A26,T-CD4_A26,EFNA1,EPHA2,0.36482
A26 (386C),Epi-Intestine_A26,T-CD4_A26,EGF,EGFR,0.428315
A26 (386C),Epi-Intestine_A26,T-CD4_A26,IGF1,IGF1R,0.044612
A26 (386C),Epi-Intestine_A26,T-CD4_A26,WNT5A,FZD1,0.159822
A26 (386C),Epi-Intestine_A26,T-CD4_A26,CDH1,ITGB1,0.165291
A26 (386C),Epi-Intestine_A26,T-CD4_A26,C3,C3AR1,0.693085
A26 (386C),Mac_A26,T-gamma/delta_A26,CDH1,ITGB1,0.511348
A26 (386C),Mac_A26,T-gamma/delta_A26,DLL1,NOTCH1,0.140769
A26 (386C),Mac_A26,T-gamma/delta_A26,IGF1,IGF1R,0.1383
A26 (386C),Mac_A26,T-gamma/delta_A26,FAM3C,HLA-C,0.562093
A26 (386C),Mac_A26,T-gamma/delta_A26,AREG,EGFR,0.605655
A26 (386C),Mac_A26,T-gamma/delta_A26,APP,CD74,0.694746
A26 (386C),Mac_A26,T-gamma/delta_A26,JAG1,NOTCH2,0.351828
A26 (386C),B-naive_A26,Mast_A26,DLL1,NOTCH1,0.24561
A26 (386C),B-naive_A26,Mast_A26,IGF1,IGF1R,0.303151
A26 (386C),B-naive_A26,Mast_A26,HLA-E,KLRC1,0.753137
A26 (386C),B-naive_A26,Mast_A26,LILRB4,LAIR1,0.48841
A26 (386C),B-naive_A26,Mast_A26,TNFSF13B,HLA-DPB1,0.702148
A26 (386C),B-mem_A26,B-naive_A26,PDGFB,PDGFRB,0.626073
A26 (386C),B-mem_A26,B-naive_A26,TNF,TNFRSF1A,0.364783
A26 (386C),B-mem_A26,B-naive_A26,JAG1,NOTCH2,0.778233
A26 (386C),B-mem_A26,B-naive_A26,TNFSF13B,HLA-DPB1,0.389455
A26 (386C),B-mem_A26,B-naive_A26,MIF,CD74,0.744848
A26 (386C),ILC3_A26,B-naive_A26,LTB,LTBR,0.975414
A26 (386C),ILC3_A26,B-naive_A26,EFNA1,EPHA2,0.081043
A26 (386C),ILC3_A26,B-naive_A26,WNT5A,FZD1,0.783764
A26 (386C),ILC3_A26,B-naive_A26,MIF,CD74,0.366655
A26 (386C),ILC3_A26,B-naive_A26,VEGFA,KDR,0.041988
A26 (386C),ILC3_A26,B-naive_A26,RPS19,C5AR1,0.580355
A26 (386C),Stromal-Intestine_A26,Epi-Intestine_A26,CSF1,CSF1R,0.653206
A26 (386C),Stromal-Intestine_A26,Epi-Intestine_A26,CXCL12,CXCR4,0.814335
A26 (386C),Stromal-Intestine_A26,Epi-Intestine_A26,FAM3C,HLA-C,0.862416
A26 (386C),Stromal-Intestine_A26,Epi-Intestine_A26,EGF,EGFR,0.28235
A26 (386C),Mast_A26,Stromal-Intestine_A26,SPP1,CD44,0.454613
A26 (386C),Mast_A26,Stromal-Intestine_A26,CDH1,ITGB1,0.172402
A26 (386C),Mast_A26,Stromal-Intestine_A26,APP,CD74,1.0
A26 (386C),Mast_A26,Stromal-Intestine_A26,FGF2,FGFR1,0.369094
A26 (386C),Mast_A26,Stromal-Intestine_A26,CCL5,CCR1,0.660409
A26 (386C),Mast_A26,Stromal-Intestine_A26,MIF,CD74,1.0
A26 (386C),Mast_A26,Stromal-Intestine_A26,EFNA1,EPHA2,0.37745
A26 (386C),T-gamma/delta_A26,B-naive_A26,FGF2,FGFR1,0.547884
A26 (386C),T-gamma/delta_A26,B-naive_A26,VEGFA,KDR,0.235768
A26 (386C),T-gamma/delta_A26,B-naive_A26,FAM3C,HLA-C,1.0
A26 (386C),T-gamma/delta_A26,B-naive_A26,MIF,CD74,0.679603
A26 (386C),B-naive_A26,ILC3_A26,CDH1,ITGB1,0.862499
A26 (386C),B-naive_A26,ILC3_A26,CCL5,CCR1,0.539539
A26 (386C),B-naive_A26,ILC3_A26,EGF,EGFR,0.257187
A26 (386C),B-naive_A26,ILC3_A26,WNT5A,FZD1,0.818653
A26 (386C),Plasma_A26,Mac_A26,FAM3C,HLA-C,0.909599
A26 (386C),Plasma_A26,Mac_A26,LILRB4,LAIR1,1.0
A26 (386C),Plasma_A26,Mac_A26,APP,CD74,0.671417
A26 (386C),Plasma_A26,Mac_A26,HLA-E,KLRC1,0.786977
A26 (386C),Plasma_A26,Mac_A26,FGF2,FGFR1,0.552998
A26 (386C),Plasma_A26,Mac_A26,CSF1,CSF1R,0.770019
A26 (386C),Stromal-Intestine_A26,Plasma_A26,AREG,EGFR,0.833399
A26 (386C),Stromal-Intestine_A26,Plasma_A26,WNT5A,FZD1,0.524248
A26 (386C),Stromal-Intestine_A26,Plasma_A26,APP,CD74,0.659946
A26 (386C),Stromal-Intestine_A26,Plasma_A26,HLA-E,KLRC1,0.356633
A26 (386C),Stromal-Intestine_A26,Plasma_A26,MDK,LRP1,1.0
A26 (386C),Stromal-Intestine_A26,Plasma_A26,HGF,MET,1.0
A26 (386C),Stromal-Intestine_A26,Plasma_A26,CD99,PILRA,0.951449
A26 (386C),Endo_A26,Stromal-Intestine_A26,TNF,TNFRSF1A,0.678923
A26 (386C),Endo_A26,Stromal-Intestine_A26,CCL3,CCR1,0.773251
A26 (386C),Endo_A26,Stromal-Intestine_A26,PDGFB,PDGFRB,0.553493
A26 (386C),Endo_A26,Stromal-Intestine_A26,TGFB1,TGFBR1,0.160481
A26 (386C),Endo_A26,Stromal-Intestine_A26,HGF,MET,0.456138
A26 (386C),Endo_A26,Stromal-Intestine_A26,CDH1,ITGB1,0.706632
A26 (386C),Endo_A26,Stromal-Intestine_A26,EGF,EGFR,0.373766
A26 (386C),Mast_A26,Mac_A26,FAM3C,HLA-C,0.603059
A26 (386C),Mast_A26,Mac_A26,HLA-E,KLRC1,0.657161
A26 (386C),Mast_A26,Mac_A26,C3,C3AR1,0.713877
A26 (386C),Mast_A26,Mac_A26,CSF1,CSF1R,0.911827
A26 (386C),Mast_A26,Mac_A26,EGF,EGFR,0.638363
A26 (386C),Mast_A26,Mac_A26,AREG,EGFR,0.997608
A26 (386C),Mast_A26,Mac_A26,APP,CD74,0.630466
A26 (386C),T-CD8_A26,T-gamma/delta_A26,CSF1,CSF1R,0.625257
A26 (386C),T-CD8_A26,T-gamma/delta_A26,WNT5A,FZD1,0.610358
A26 (386C),T-CD8_A26,T-gamma/delta_A26,VEGFA,KDR,0.290827
A26 (386C),T-CD8_A26,T-gamma/delta_A26,FAM3C,HLA-C,0.911871
A26 (386C),T-CD8_A26,T-gamma/delta_A26,HGF,MET,0.131144
A26 (386C),B-mem_A26,Epi-Intestine_A26,IL6,IL6R,0.092243
A26 (386C),B-mem_A26,Epi-Intestine_A26,CDH1,ITGB1,0.476137
A26 (386C),B-mem_A26,Epi-Intestine_A26,C3,C3AR1,0.642741
A26 (386C),B-mem_A26,Epi-Intestine_A26,IGF1,IGF1R,0.243927
A26 (386C),B-mem_A26,Epi-Intestine_A26,COPA,CD74,0.919584
A26 (386C),B-mem_A26,Epi-Intestine_A26,MDK,LRP1,0.875454
A26 (386C),B-mem_A26,Epi-Intestine_A26,GRN,SORT1,0.657962
A26 (386C),T-CD4_A26,DC_A26,RPS19,C5AR1,1.0
A26 (386C),T-CD4_A26,DC_A26,TNF,TNFRSF1A,0.001
A26 (386C),T-CD4_A26,DC_A26,LTB,LTBR,0.678306
A26 (386C),T-CD4_A26,DC_A26,EGF,EGFR,0.001
A26 (386C),T-CD4_A26,DC_A26,SPP1,CD44,0.777443
A26 (386C),T-gamma/delta_A26,Stromal-Intestine_A26,GRN,SORT1,1.0
A26 (386C),T-gamma/delta_A26,Stromal-Intestine_A26,CCL5,CCR1,0.345087
A26 (386C),T-gamma/delta_A26,Stromal-Intestine_A26,C3,C3AR1,0.452304
A26 (386C),T-gamma/delta_A26,Stromal-Intestine_A26,RPS19,C5AR1,0.131258
A26 (386C),Mono_A26,Mac_A26,AREG,EGFR,0.487429
A26 (386C),Mono_A26,Mac_A26,BMP4,BMPR1A,0.492713
A26 (386C),Mono_A26,Mac_A26,CD99,PILRA,0.809296
A26 (386C),Mono_A26,Mac_A26,VEGFA,KDR,0.494328
A26 (386C),Epi-Intestine_A26,DC_A26,IGF1,IGF1R,0.516949
A26 (386C),Epi-Intestine_A26,DC_A26,TGFB1,TGFBR1,0.218748
A26 (386C),Epi-Intestine_A26,DC_A26,APP,CD74,0.44161
A26 (386C),Epi-Intestine_A26,DC_A26,PDGFB,PDGFRB,0.511786
A26 (386C),DC_A26,Plasma_A26,SPP1,CD44,0.907867
A26 (386C),DC_A26,Plasma_A26,MDK,LRP1,0.780332
A26 (386C),DC_A26,Plasma_A26,AREG,EGFR,0.782292
A26 (386C),Plasma_A26,Endo_A26,RPS19,C5AR1,0.958984
A26 (386C),Plasma_A26,Endo_A26,EFNA1,EPHA2,0.196804
A26 (386C),Plasma_A26,Endo_A26,CDH1,ITGB1,0.485395
A26 (386C),Plasma_A26,Endo_A26,JAG1,NOTCH2,0.50498
A26 (386C),Plasma_A26,Endo_A26,APP,CD74,0.834757
A26 (386C),NK_A26,B-naive_A26,FGF2,FGFR1,0.904927
A26 (386C),NK_A26,B-naive_A26,BMP4,BMPR1A,0.517509
A26 (386C),NK_A26,B-naive_A26,LGALS9,MRC1,0.556447
A26 (386C),NK_A26,B-naive_A26,COPA,CD74,1.0
A26 (386C),NK_A26,B-naive_A26,EGF,EGFR,0.680577
A26 (386C),NK_A26,B-naive_A26,IL6,IL6R,0.001
A26 (386C),NK_A26,B-naive_A26,LTB,LTBR,0.911489
A26 (386C),Endo_A26,T-CD8_A26,C3,C3AR1,0.910705
A26 (386C),Endo_A26,T-CD8_A26,IGF1,IGF1R,0.644552
A26 (386C),Endo_A26,T-CD8_A26,COPA,CD74,0.941159
A38 (432C),ILC3_A38,NK_A38,CCL5,CCR1,1.0
A38 (432C),ILC3_A38,NK_A38,MDK,LRP1,0.881141
A38 (432C),ILC3_A38,NK_A38,DLL1,NOTCH1,0.361337
A38 (432C),ILC3_A38,NK_A38,APP,CD74,1.0
A38 (432C),T-CD8_A38,Mac_A38,HLA-E,KLRC1,0.708755
A38 (432C),T-CD8_A38,Mac_A38,CCL3,CCR1,1.0
A38 (432C),T-CD8_A38,Mac_A38,C3,C3AR1,0.520816
A38 (432C),T-CD8_A38,Mac_A38,AREG,EGFR,1.0
A38 (432C),T-CD8_A38,Mac_A38,FAM3C,HLA-C,0.585679
A38 (432C),T-CD8_A38,Mac_A38,BMP4,BMPR1A,0.218333
A38 (432C),T-CD8_A38,Mac_A38,CSF1,CSF1R,0.93292
A38 (432C),T-gamma/delta_A38,B-naive_A38,C3,C3AR1,0.479933
A38 (432C),T-gamma/delta_A38,B-naive_A38,IL6,IL6R,0.482362
A38 (432C),T-gamma/delta_A38,B-naive_A38,TGFB1,TGFBR1,0.156116
A38 (432C),T-gamma/delta_A38,B-naive_A38,FGF2,FGFR1,0.4129
A38 (432C),T-gamma/delta_A38,B-naive_A38,CCL5,CCR1,0.829261
A38 (432C),DC_A38,B-naive_A38,SPP1,CD44,1.0
A38 (432C),DC_A38,B-naive_A38,MIF,CD74,0.936862
A38 (432C),DC_A38,B-naive_A38,LTB,LTBR,0.539763
A38 (432C),DC_A38,B-naive_A38,HGF,MET,0.335229
A38 (432C),DC_A38,B-naive_A38,RPS19,C5AR1,0.875701
A38 (432C),DC_A38,B-naive_A38,IGF1,IGF1R,0.865376
A38 (432C),B-mem_A38,Endo_A38,TNF,TNFRSF1A,0.427194
A38 (432C),B-mem_A38,Endo_A38,JAG1,NOTCH2,0.118817
A38 (432C),B-mem_A38,Endo_A38,EFNA1,EPHA2,0.362601
A38 (432C),B-mem_A38,Endo_A38,DLL1,NOTCH1,0.001
A38 (432C),B-mem_A38,Endo_A38,TGFB1,TGFBR1,0.265129
A38 (432C),B-mem_A38,Endo_A38,SPP1,CD44,0.77607
A38 (432C),B-mem_A38,Endo_A38,C3,C3AR1,0.742435
A38 (432C),Mast_A38,DC_A38,CDH1,ITGB1,0.595858
A38 (432C),Mast_A38,DC_A38,TNF,TNFRSF1A,0.585306
A38 (432C),Mast_A38,DC_A38,TGFB1,TGFBR1,0.228246
A38 (432C),Mast_A38,DC_A38,LGALS9,MRC1,0.214768
A38 (432C),Mast_A38,DC_A38,AREG,EGFR,1.0
A38 (432C),Mast_A38,DC_A38,MDK,LRP1,0.622359
A38 (432C),B-mem_A38,Stromal-Intestine_A38,GRN,SORT1,0.845217
A38 (432C),B-mem_A38,Stromal-Intestine_A38,CDH1,ITGB1,0.001
A38 (432C),B-mem_A38,Stromal-Intestine_A38,HLA-E,KLRC1,0.865158
A38 (432C),B-mem_A38,Stromal-Intestine_A38,LTB,LTBR,0.724319
A38 (432C),B-mem_A38,Stromal-Intestine_A38,LILRB4,LAIR1,0.88764
A38 (432C),B-mem_A38,Stromal-Intestine_A38,CSF1,CSF1R,0.846975
A38 (432C),B-mem_A38,Stromal-Intestine_A38,TGFB1,TGFBR1,0.521284
A38 (432C),Endo_A38,Plasma_A38,CD99,PILRA,0.460457
A38 (432C),Endo_A38,Plasma_A38,CCL3,CCR1,1.0
A38 (432C),Endo_A38,Plasma_A38,TNF,TNFRSF1A,0.485322
A38 (432C),Endo_A38,Plasma_A38,CSF1,CSF1R,0.961704
A38 (432C),Endo_A38,Plasma_A38,WNT5A,FZD1,0.655384
A38 (432C),T-CD4_A38,DC_A38,AREG,EGFR,0.704518
A38 (432C),T-CD4_A38,DC_A38,CCL3,CCR1,0.560837
A38 (432C),T-CD4_A38,DC_A38,SPP1,CD44,0.530872
A38 (432C),T-CD4_A38,DC_A38,VEGFA,KDR,0.724377
A38 (432C),T-CD4_A38,DC_A38,CDH1,ITGB1,0.206141
A38 (432C),T-CD4_A38,DC_A38,EFNA1,EPHA2,0.448412
A38 (432C),T-CD4_A38,DC_A38,WNT5A,FZD1,0.230178
A38 (432C),B-naive_A38,Plasma_A38,COPA,CD74,0.482979
A38 (432C),B-naive_A38,Plasma_A38,HGF,MET,0.573234
A38 (432C),B-naive_A38,Plasma_A38,TGFB1,TGFBR1,0.793707
A38 (432C),Stromal-Intestine_A38,DC_A38,CCL5,CCR1,1.0
A38 (432C),Stromal-Intestine_A38,DC_A38,TGFB1,TGFBR1,0.162289
A38 (432C),Stromal-Intestine_A38,DC_A38,CCL3,CCR1,1.0
A38 (432C),Stromal-Intestine_A38,DC_A38,CXCL12,CXCR4,0.575549
A38 (432C),Stromal-Intestine_A38,DC_A38,TNFSF13B,HLA-DPB1,0.332535
A38 (432C),Stromal-Intestine_A38,DC_A38,CD99,PILRA,0.347672
A38 (432C),Stromal-Intestine_A38,DC_A38,LGALS9,MRC1,0.628983
A38 (432C),Mono_A38,B-naive_A38,GRN,SORT1,0.40234
A38 (432C),Mono_A38,B-naive_A38,PDGFB,PDGFRB,0.286171
A38 (432C),Mono_A38,B-naive_A38,AREG,EGFR,1.0
A38 (432C),Mono_A38,B-naive_A38,TNFSF13B,HLA-DPB1,0.25896
A38 (432C),Mono_A38,B-naive_A38,APP,CD74,0.948399
A38 (432C),Mono_A38,B-naive_A38,DLL1,NOTCH1,0.259543
A38 (432C),Mono_A38,B-naive_A38,SPP1,CD44,1.0
A38 (432C),Endo_A38,ILC3_A38,AREG,EGFR,0.361188
A38 (432C),Endo_A38,ILC3_A38,MIF,CD74,0.999744
A38 (432C),Endo_A38,ILC3_A38,LILRB4,LAIR1,1.0
A38 (432C),Endo_A38,ILC3_A38,CD99,PILRA,0.932332
A38 (432C),Endo_A38,ILC3_A38,CCL3,CCR1,0.81229
A38 (432C),T-CD4_A38,Mast_A38,EGF,EGFR,0.883685
A38 (432C),T-CD4_A38,Mast_A38,MDK,LRP1,0.633787
A38 (432C),T-CD4_A38,Mast_A38,DLL1,NOTCH1,0.352353
A38 (432C),T-CD4_A38,Mast_A38,TNF,TNFRSF1A,0.163243
A38 (432C),B-naive_A38,T-gamma/delta_A38,WNT5A,FZD1,0.433152
A38 (432C),B-naive_A38,T-gamma/delta_A38,VEGFA,KDR,0.469227
A38 (432C),B-naive_A38,T-gamma/delta_A38,HLA-E,KLRC1,0.86076
A38 (432C),B-naive_A38,T-gamma/delta_A38,BMP4,BMPR1A,0.565782
A38 (432C),B-naive_A38,T-gamma/delta_A38,TNF,TNFRSF1A,0.001
A38 (432C),B-naive_A38,T-gamma/delta_A38,MDK,LRP1,0.998151
A38 (432C),B-naive_A38,T-gamma/delta_A38,MIF,CD74,0.95667
A38 (432C),DC_A38,B-mem_A38,GRN,SORT1,1.0
A38 (432C),DC_A38,B-mem_A38,LILRB4,LAIR1,1.0
A38 (432C),DC_A38,B-mem_A38,BMP4,BMPR1A,0.001
A38 (432C),DC_A38,T-CD8_A38,TNF,TNFRSF1A,0.508717
A38 (432C),DC_A38,T-CD8_A38,EGF,EGFR,0.680431
A38 (432C),DC_A38,T-CD8_A38,CCL5,CCR1,1.0
A38 (432C),DC_A38,T-CD8_A38,FAM3C,HLA-C,0.476731
A38 (432C),DC_A38,T-CD8_A38,LGALS9,MRC1,0.474226
A38 (432C),DC_A38,T-CD8_A38,VEGFA,KDR,0.572812
A38 (432C),DC_A38,T-CD8_A38,CXCL12,CXCR4,0.811501
A38 (432C),Mac_A38,Mono_A38,MIF,CD74,0.463849
A38 (432C),Mac_A38,Mono_A38,SPP1,CD44,0.953098
A38 (432C),Mac_A38,Mono_A38,PDGFB,PDGFRB,0.835627
A38 (432C),Mac_A38,Mono_A38,EGF,EGFR,0.234889
A38 (432C),Mac_A38,Mono_A38,DLL1,NOTCH1,0.760975
A38 (432C),Mac_A38,Mono_A38,COPA,CD74,0.66188
A38 (432C),T-CD4_A38,B-naive_A38,IL6,IL6R,0.850983
A38 (432C),T-CD4_A38,B-naive_A38,SPP1,CD44,1.0
A38 (432C),T-CD4_A38,B-naive_A38,DLL1,NOTCH1,0.001
A38 (432C),T-CD4_A38,B-naive_A38,MDK,LRP1,0.942916
A38 (432C),T-CD4_A38,B-naive_A38,CSF1,CSF1R,0.886167
A38 (432C),T-CD4_A38,B-naive_A38,CD99,PILRA,0.813603
A38 (432C),B-naive_A38,DC_A38,LTB,LTBR,1.0
A38 (432C),B-naive_A38,DC_A38,MDK,LRP1,1.0
A38 (432C),B-naive_A38,DC_A38,TGFB1,TGFBR1,0.284082
A38 (432C),Plasma_A38,Epi-Intestine_A38,C3,C3AR1,0.729288
A38 (432C),Plasma_A38,Epi-Intestine_A38,TGFB1,TGFBR1,0.12363
A38 (432C),Plasma_A38,Epi-Intestine_A38,APP,CD74,0.810966
A38 (432C),Plasma_A38,Epi-Intestine_A38,BMP4,BMPR1A,0.001
A38 (432C),Plasma_A38,Epi-Intestine_A38,HLA-E,KLRC1,0.904246
A38 (432C),Plasma_A38,Epi-Intestine_A38,CDH1,ITGB1,0.669386
A38 (432C),Plasma_A38,Epi-Intestine_A38,LILRB4,LAIR1,0.977011
A38 (432C),T-CD4_A38,Mac_A38,CXCL12,CXCR4,0.525346
A38 (432C),T-CD4_A38,Mac_A38,VEGFA,KDR,0.573158
A38 (432C),T-CD4_A38,Mac_A38,IL6,IL6R,0.256717
A38 (432C),T-CD4_A38,Mac_A38,CD99,PILRA,0.878631
A38 (432C),T-CD4_A38,Mac_A38,GRN,SORT1,0.805968
A38 (432C),T-CD4_A38,Mac_A38,HLA-E,KLRC1,0.936147
A38 (432C),T-CD4_A38,Mac_A38,CCL5,CCR1,0.795905
A38 (432C),Mac_A38,ILC3_A38,PDGFB,PDGFRB,0.501511
A38 (432C),Mac_A38,ILC3_A38,IGF1,IGF1R,0.529116
A38 (432C),Mac_A38,ILC3_A38,DLL1,NOTCH1,0.001
A38 (432C),Mac_A38,ILC3_A38,CSF1,CSF1R,0.562664
A38 (432C),Mac_A38,ILC3_A38,COPA,CD74,0.77882
A38 (432C),Mac_A38,ILC3_A38,SPP1,CD44,0.598522
A38 (432C),Endo_A38,NK_A38,CSF1,CSF1R,0.648646
A38 (432C),Endo_A38,NK_A38,CCL5,CCR1,0.507767
A38 (432C),Endo_A38,NK_A38,LILRB4,LAIR1,0.522526
A38 (432C),Endo_A38,NK_A38,JAG1,NOTCH2,0.524093
A38 (432C),Endo_A38,NK_A38,FGF2,FGFR1,0.695573
A38 (432C),Endo_A38,NK_A38,APP,CD74,0.527918
A38 (432C),Mono_A38,Endo_A38,IL6,IL6R,0.001
A38 (432C),Mono_A38,Endo_A38,MIF,CD74,0.787329
A38 (432C),Mono_A38,Endo_A38,FAM3C,HLA-C,0.265438
A38 (432C),Mono_A38,Endo_A38,WNT5A,FZD1,0.478788
A38 (432C),Mono_A38,Endo_A38,CDH1,ITGB1,0.405179
A38 (432C),Mono_A38,Endo_A38,TNF,TNFRSF1A,0.550814
A38 (432C),Endo_A38,DC_A38,GRN,SORT1,0.878064
A38 (432C),Endo_A38,DC_A38,HGF,MET,0.52546
A38 (432C),Endo_A38,DC_A38,FAM3C,HLA-C,1.0
A38 (432C),Endo_A38,DC_A38,LTB,LTBR,0.3105
A38 (432C),Endo_A38,DC_A38,MIF,CD74,0.68435
A38 (432C),NK_A38,B-mem_A38,IGF1,IGF1R,0.288685
A38 (432C),NK_A38,B-mem_A38,LILRB4,LAIR1,0.940292
A38 (432C),NK_A38,B-mem_A38,FAM3C,HLA-C,0.480731
A38 (432C),NK_A38,B-mem_A38,LTB,LTBR,0.860346
A38 (432C),NK_A38,B-mem_A38,RPS19,C5AR1,0.78088
A38 (432C),NK_A38,B-mem_A38,EGF,EGFR,0.786125
A38 (432C),NK_A38,B-mem_A38,HLA-E,KLRC1,0.658941
A38 (432C),Endo_A38,Mast_A38,FGF2,FGFR1,0.206922
A38 (432C),Endo_A38,Mast_A38,JAG1,NOTCH2,0.285718
A38 (432C),Endo_A38,Mast_A38,SPP1,CD44,0.723591
A38 (432C),Mac_A38,B-naive_A38,MDK,LRP1,1.0
A38 (432C),Mac_A38,B-naive_A38,HLA-E,KLRC1,0.790797
A38 (432C),Mac_A38,B-naive_A38,CDH1,ITGB1,0.246076
A38 (432C),Mac_A38,B-naive_A38,FAM3C,HLA-C,1.0
A38 (432C),Mac_A38,B-naive_A38,WNT5A,FZD1,0.365146
A38 (432C),Mac_A38,B-naive_A38,LILRB4,LAIR1,0.906771
A38 (432C),T-gamma/delta_A38,Epi-Intestine_A38,MIF,CD74,0.875636
A38 (432C),T-gamma/delta_A38,Epi-Intestine_A38,COPA,CD74,0.519766
A38 (432C),T-gamma/delta_A38,Epi-Intestine_A38,CDH1,ITGB1,0.533515
A38 (432C),T-gamma/delta_A38,Epi-Intestine_A38,MDK,LRP1,0.707695
A38 (432C),T-gamma/delta_A38,Epi-Intestine_A38,APP,CD74,1.0
A38 (432C),T-gamma/delta_A38,Epi-Intestine_A38,DLL1,NOTCH1,0.225449
A38 (432C),T-gamma/delta_A38,Epi-Intestine_A38,CXCL12,CXCR4,0.53252
A38 (432C),ILC3_A38,Plasma_A38,MIF,CD74,1.0
A38 (432C),ILC3_A38,Plasma_A38,TNF,TNFRSF1A,0.493599
A38 (432C),ILC3_A38,Plasma_A38,EGF,EGFR,0.527101
A38 (432C),ILC3_A38,Plasma_A38,AREG,EGFR,0.731061
A38 (432C),ILC3_A38,Plasma_A38,LTB,LTBR,0.668059
A38 (432C),Mono_A38,B-mem_A38,CCL5,CCR1,0.847637
A38 (432C),Mono_A38,B-mem_A38,LTB,LTBR,0.891648
A38 (432C),Mono_A38,B-mem_A38,C3,C3AR1,0.67485
A38 (432C),Mono_A38,B-mem_A38,CSF1,CSF1R,0.828055
A38 (432C),Mono_A38,T-CD8_A38,MDK,LRP1,0.809846
A38 (432C),Mono_A38,T-CD8_A38,LTB,LTBR,1.0
A38 (432C),Mono_A38,T-CD8_A38,WNT5A,FZD1,0.432463
A38 (432C),Mono_A38,T-CD8_A38,EFNA1,EPHA2,0.222933
A38 (432C),Mono_A38,T-CD8_A38,FGF2,FGFR1,0.194366
A38 (432C),Mono_A38,T-CD8_A38,BMP4,BMPR1A,0.606987
A38 (432C),DC_A38,Plasma_A38,DLL1,NOTCH1,0.553467
A38 (432C),DC_A38,Plasma_A38,PDGFB,PDGFRB,0.001
A38 (432C),DC_A38,Plasma_A38,BMP4,BMPR1A,0.47306
A38 (432C),DC_A38,Plasma_A38,HLA-E,KLRC1,1.0
A38 (432C),DC_A38,Plasma_A38,FAM3C,HLA-C,0.001
A38 (432C),Stromal-Intestine_A38,ILC3_A38,GRN,SORT1,0.474167
A38 (432C),Stromal-Intestine_A38,ILC3_A38,EGF,EGFR,0.679402
A38 (432C),Stromal-Intestine_A38,ILC3_A38,TGFB1,TGFBR1,0.268294
A38 (432C),Plasma_A38,T-CD4_A38,FAM3C,HLA-C,0.750094
A38 (432C),Plasma_A38,T-CD4_A38,HLA-E,KLRC1,0.911541
A38 (432C),Plasma_A38,T-CD4_A38,GRN,SORT1,0.647382
A38 (432C),NK_A38,ILC3_A38,LTB,LTBR,0.513727
A38 (432C),NK_A38,ILC3_A38,TNF,TNFRSF1A,0.220746
A38 (432C),NK_A38,ILC3_A38,AREG,EGFR,1.0
A38 (432C),NK_A38,ILC3_A38,IL6,IL6R,0.204557
A38 (432C),NK_A38,ILC3_A38,RPS19,C5AR1,0.459476
A38 (432C),NK_A38,ILC3_A38,FAM3C,HLA-C,0.888358
A38 (432C),ILC3_A38,B-mem_A38,IGF1,IGF1R,0.202396
A38 (432C),ILC3_A38,B-mem_A38,MIF,CD74,0.852937
A38 (432C),ILC3_A38,B-mem_A38,LGALS9,MRC1,0.39212
A38 (432C),ILC3_A38,B-mem_A38,LILRB4,LAIR1,0.717912
A38 (432C),ILC3_A38,B-mem_A38,MDK,LRP1,0.684133
A38 (432C),B-mem_A38,Mac_A38,BMP4,BMPR1A,0.516394
A38 (432C),B-mem_A38,Mac_A38,APP,CD74,0.58526
A38 (432C),B-mem_A38,Mac_A38,HGF,MET,0.29803
A38 (432C),B-mem_A38,Mac_A38,CSF1,CSF1R,0.68174
A38 (432C),B-mem_A38,Mac_A38,AREG,EGFR,0.601519
A38 (432C),B-mem_A38,Mac_A38,IGF1,IGF1R,0.376246
A38 (432C),B-mem_A38,Mac_A38,LILRB4,LAIR1,0.818997
A38 (432C),Plasma_A38,Endo_A38,TGFB1,TGFBR1,0.358922
A38 (432C),Plasma_A38,Endo_A38,CDH1,ITGB1,0.308893
A38 (432C),Plasma_A38,Endo_A38,PDGFB,PDGFRB,0.193016
A30 (398B),Stromal-Intestine_A30,B-mem_A30,LTB,LTBR,0.644086
A30 (398B),Stromal-Intestine_A30,B-mem_A30,SPP1,CD44,0.97865
A30 (398B),Stromal-Intestine_A30,B-mem_A30,CDH1,ITGB1,0.345999
A30 (398B),Stromal-Intestine_A30,B-mem_A30,TGFB1,TGFBR1,0.212299
A30 (398B),DC_A30,T-gamma/delta_A30,CCL5,CCR1,1.0
A30 (398B),DC_A30,T-gamma/delta_A30,AREG,EGFR,0.358633
A30 (398B),DC_A30,T-gamma/delta_A30,IGF1,IGF1R,0.695591
A30 (398B),DC_A30,T-gamma/delta_A30,IL6,IL6R,0.862681
A30 (398B),DC_A30,B-naive_A30,TNFSF13B,HLA-DPB1,1.0
A30 (398B),DC_A30,B-naive_A30,VEGFA,KDR,0.350363
A30 (398B),DC_A30,B-naive_A30,WNT5A,FZD1,0.324925
A30 (398B),DC_A30,B-naive_A30,JAG1,NOTCH2,0.59242
A30 (398B),Plasma_A30,Stromal-Intestine_A30,BMP4,BMPR1A,0.400652
A30 (398B),Plasma_A30,Stromal-Intestine_A30,CCL5,CCR1,0.574878
A30 (398B),Plasma_A30,Stromal-Intestine_A30,CXCL12,CXCR4,0.361696
A30 (398B),T-CD4_A30,DC_A30,SPP1,CD44,0.952291
A30 (398B),T-CD4_A30,DC_A30,AREG,EGFR,0.648462
A30 (398B),T-CD4_A30,DC_A30,LTB,LTBR,0.543499
A30 (398B),T-CD4_A30,DC_A30,BMP4,BMPR1A,0.942559
A30 (398B),T-CD4_A30,DC_A30,RPS19,C5AR1,0.570219
A30 (398B),B-naive_A30,DC_A30,JAG1,NOTCH2,0.495289
A30 (398B),B-naive_A30,DC_A30,AREG,EGFR,0.575605
A30 (398B),B-naive_A30,DC_A30,CSF1,CSF1R,0.562104
A30 (398B),B-naive_A30,DC_A30,CXCL12,CXCR4,0.533701
A30 (398B),B-naive_A30,DC_A30,SPP1,CD44,0.598688
A30 (398B),B-naive_A30,Epi-Intestine_A30,TNF,TNFRSF1A,0.782495
A30 (398B),B-naive_A30,Epi-Intestine_A30,PDGFB,PDGFRB,0.401822
A30 (398B),B-naive_A30,Epi-Intestine_A30,WNT5A,FZD1,0.447785
A30 (398B),B-naive_A30,Epi-Intestine_A30,C3,C3AR1,0.726871
A30 (398B),B-naive_A30,Plasma_A30,EFNA1,EPHA2,0.926112
A30 (398B),B-naive_A30,Plasma_A30,CD99,PILRA,0.810501
A30 (398B),B-naive_A30,Plasma_A30,APP,CD74,0.934211
A30 (398B),B-naive_A30,Plasma_A30,MIF,CD74,1.0
A30 (398B),B-naive_A30,Plasma_A30,MDK,LRP1,0.83107
A30 (398B),B-naive_A30,T-CD4_A30,LGALS9,MRC1,0.827323
A30 (398B),B-naive_A30,T-CD4_A30,HLA-E,KLRC1,1.0
A30 (398B),B-naive_A30,T-CD4_A30,EFNA1,EPHA2,0.758359
A30 (398B),B-naive_A30,T-CD4_A30,LTB,LTBR,0.862922
A30 (398B),B-naive_A30,T-CD4_A30,IL6,IL6R,0.395684
A30 (398B),B-naive_A30,T-CD4_A30,PDGFB,PDGFRB,0.981054
A30 (398B),DC_A30,Mono_A30,DLL1,NOTCH1,0.217534
A30 (398B),DC_A30,Mono_A30,C3,C3AR1,0.310587
A30 (398B),DC_A30,Mono_A30,FAM3C,HLA-C,1.0
A30 (398B),DC_A30,Mono_A30,RPS19,C5AR1,1.0
A30 (398B),DC_A30,Mono_A30,VEGFA,KDR,0.522632
A30 (398B),DC_A30,Mono_A30,BMP4,BMPR1A,0.455655
A30 (398B),DC_A30,Mono_A30,HLA-E,KLRC1,0.724284
A30 (398B),Epi-Intestine_A30,Stromal-Intestine_A30,CXCL12,CXCR4,0.504032
A30 (398B),Epi-Intestine_A30,Stromal-Intestine_A30,EGF,EGFR,0.452928
A30 (398B),Epi-Intestine_A30,Stromal-Intestine_A30,TGFB1,TGFBR1,0.019302
A30 (398B),Epi-Intestine_A30,Stromal-Intestine_A30,APP,CD74,0.45885
A30 (398B),Epi-Intestine_A30,Stromal-Intestine_A30,HGF,MET,0.309921
A30 (398B),Epi-Intestine_A30,Stromal-Intestine_A30,TNF,TNFRSF1A,0.301083
A30 (398B),T-CD8_A30,Stromal-Intestine_A30,MDK,LRP1,1.0
A30 (398B),T-CD8_A30,Stromal-Intestine_A30,TNF,TNFRSF1A,0.57784
A30 (398B),T-CD8_A30,Stromal-Intestine_A30,TNFSF13B,HLA-DPB1,0.934962
A30 (398B),T-CD8_A30,Stromal-Intestine_A30,HLA-E,KLRC1,0.635043
A30 (398B),T-CD8_A30,Stromal-Intestine_A30,JAG1,NOTCH2,0.48322
A30 (398B),Mac_A30,T-CD8_A30,VEGFA,KDR,0.644876
A30 (398B),Mac_A30,T-CD8_A30,IGF1,IGF1R,0.346907
A30 (398B),Mac_A30,T-CD8_A30,CCL3,CCR1,0.993846
A30 (398B),Mac_A30,T-CD8_A30,LTB,LTBR,0.390605
A30 (398B),Mac_A30,T-CD8_A30,EGF,EGFR,0.192325
A30 (398B),Mac_A30,T-CD8_A30,TNF,TNFRSF1A,0.422262
A30 (398B),Endo_A30,NK_A30,CXCL12,CXCR4,0.643689
A30 (398B),Endo_A30,NK_A30,CDH1,ITGB1,0.671798
A30 (398B),Endo_A30,NK_A30,CCL5,CCR1,0.466839
A30 (398B),Endo_A30,NK_A30,LTB,LTBR,0.463579
A30 (398B),Endo_A30,NK_A30,CD99,PILRA,0.716617
A30 (398B),Endo_A30,NK_A30,TNF,TNFRSF1A,0.12174
A30 (398B),Endo_A30,NK_A30,AREG,EGFR,0.417258
A30 (398B),T-CD8_A30,Mast_A30,EFNA1,EPHA2,0.476184
A30 (398B),T-CD8_A30,Mast_A30,LTB,LTBR,0.651462
A30 (398B),T-CD8_A30,Mast_A30,APP,CD74,0.992905
A30 (398B),B-naive_A30,T-gamma/delta_A30,EGF,EGFR,0.309672
A30 (398B),B-naive_A30,T-gamma/delta_A30,MDK,LRP1,0.795479
A30 (398B),B-naive_A30,T-gamma/delta_A30,JAG1,NOTCH2,0.213882
A30 (398B),B-naive_A30,T-gamma/delta_A30,SPP1,CD44,0.143291
A30 (398B),B-naive_A30,T-gamma/delta_A30,TGFB1,TGFBR1,0.686491
A30 (398B),B-naive_A30,T-gamma/delta_A30,TNF,TNFRSF1A,0.323404
A30 (398B),B-naive_A30,T-gamma/delta_A30,APP,CD74,0.852507
A30 (398B),Stromal-Intestine_A30,NK_A30,TGFB1,TGFBR1,0.543178
A30 (398B),Stromal-Intestine_A30,NK_A30,RPS19,C5AR1,0.9986
A30 (398B),Stromal-Intestine_A30,NK_A30,IL6,IL6R,0.410142
A30 (398B),Stromal-Intestine_A30,NK_A30,GRN,SORT1,0.585288
A30 (398B),Stromal-Intestine_A30,NK_A30,BMP4,BMPR1A,0.116548
A30 (398B),Stromal-Intestine_A30,NK_A30,FAM3C,HLA-C,0.562086
A30 (398B),Stromal-Intestine_A30,NK_A30,LGALS9,MRC1,1.0
A30 (398B),Mast_A30,Endo_A30,RPS19,C5AR1,0.634371
A30 (398B),Mast_A30,Endo_A30,LILRB4,LAIR1,0.691655
A30 (398B),Mast_A30,Endo_A30,HGF,MET,0.489522
A30 (398B),T-gamma/delta_A30,Plasma_A30,EGF,EGFR,0.50027
A30 (398B),T-gamma/delta_A30,Plasma_A30,IGF1,IGF1R,0.556958
A30 (398B),T-gamma/delta_A30,Plasma_A30,FGF2,FGFR1,0.293828
A30 (398B),T-gamma/delta_A30,Plasma_A30,HGF,MET,0.566526
A30 (398B),T-gamma/delta_A30,Plasma_A30,CSF1,CSF1R,0.623068
A30 (398B),T-gamma/delta_A30,Plasma_A30,MIF,CD74,0.770097
A30 (398B),B-mem_A30,Stromal-Intestine_A30,CDH1,ITGB1,0.289273
A30 (398B),B-mem_A30,Stromal-Intestine_A30,FAM3C,HLA-C,1.0
A30 (398B),B-mem_A30,Stromal-Intestine_A30,AREG,EGFR,0.313544
A30 (398B),B-mem_A30,Stromal-Intestine_A30,LILRB4,LAIR1,0.826687
A30 (398B),B-mem_A30,Stromal-Intestine_A30,VEGFA,KDR,0.32487
A30 (398B),B-mem_A30,Stromal-Intestine_A30,BMP4,BMPR1A,0.277433
A30 (398B),Mono_A30,Endo_A30,CSF1,CSF1R,0.432276
A30 (398B),Mono_A30,Endo_A30,MIF,CD74,0.814098
A30 (398B),Mono_A30,Endo_A30,IL6,IL6R,0.519947
A30 (398B),Mono_A30,Endo_A30,MDK,LRP1,0.492089
A30 (398B),Mono_A30,Endo_A30,FGF2,FGFR1,0.216354
A30 (398B),Mono_A30,Endo_A30,CCL3,CCR1,0.690146
A30 (398B),Plasma_A30,B-mem_A30,CCL5,CCR1,0.807538
A30 (398B),Plasma_A30,B-mem_A30,WNT5A,FZD1,0.282639
A30 (398B),Plasma_A30,B-mem_A30,JAG1,NOTCH2,0.742436
A30 (398B),Plasma_A30,B-mem_A30,FAM3C,HLA-C,0.961808
A30 (398B),Plasma_A30,B-mem_A30,FGF2,FGFR1,0.165283
A30 (398B),Mac_A30,B-mem_A30,LGALS9,MRC1,0.500244
A30 (398B),Mac_A30,B-mem_A30,CDH1,ITGB1,0.677053
A30 (398B),Mac_A30,B-mem_A30,CXCL12,CXCR4,0.598261
A30 (398B),Mac_A30,B-mem_A30,EGF,EGFR,0.703477
A30 (398B),Mac_A30,B-mem_A30,VEGFA,KDR,0.665003
A30 (398B),Mac_A30,ILC3_A30,COPA,CD74,0.859422
A30 (398B),Mac_A30,ILC3_A30,CCL5,CCR1,0.591816
A30 (398B),Mac_A30,ILC3_A30,CSF1,CSF1R,0.92009
A30 (398B),Mac_A30,ILC3_A30,JAG1,NOTCH2,0.156652
A30 (398B),T-CD8_A30,Mac_A30,WNT5A,FZD1,0.525988
A30 (398B),T-CD8_A30,Mac_A30,RPS19,C5AR1,0.941639
A30 (398B),T-CD8_A30,Mac_A30,GRN,SORT1,0.973073
A30 (398B),T-CD8_A30,Mac_A30,EGF,EGFR,0.062534
A30 (398B),T-CD8_A30,Mac_A30,CCL5,CCR1,1.0
A30 (398B),T-gamma/delta_A30,DC_A30,LTB,LTBR,0.723997
A30 (398B),T-gamma/delta_A30,DC_A30,HGF,MET,0.39015
A30 (398B),T-gamma/delta_A30,DC_A30,CCL5,CCR1,0.538429
A30 (398B),T-gamma/delta_A30,DC_A30,LGALS9,MRC1,0.707483
A30 (398B),T-gamma/delta_A30,DC_A30,MDK,LRP1,0.677334
A30 (398B),T-gamma/delta_A30,DC_A30,EGF,EGFR,0.217825
A30 (398B),T-gamma/delta_A30,DC_A30,CCL3,CCR1,1.0
A30 (398B),T-CD8_A30,B-naive_A30,HLA-E,KLRC1,1.0
A30 (398B),T-CD8_A30,B-naive_A30,CSF1,CSF1R,0.837866
A30 (398B),T-CD8_A30,B-naive_A30,EGF,EGFR,0.07308
A30 (398B),T-CD8_A30,B-naive_A30,MIF,CD74,0.403784
A30 (398B),T-CD8_A30,B-naive_A30,FGF2,FGFR1,0.57135
A30 (398B),T-CD8_A30,B-naive_A30,COPA,CD74,0.771305
A30 (398B),T-CD8_A30,B-naive_A30,PDGFB,PDGFRB,0.326054
A30 (398B),T-gamma/delta_A30,Mac_A30,TGFB1,TGFBR1,0.280237
A30 (398B),T-gamma/delta_A30,Mac_A30,TNFSF13B,HLA-DPB1,1.0
A30 (398B),T-gamma/delta_A30,Mac_A30,GRN,SORT1,0.605516
A30 (398B),T-gamma/delta_A30,Mac_A30,CD99,PILRA,0.713191
A30 (398B),T-gamma/delta_A30,Mac_A30,WNT5A,FZD1,0.565907
A30 (398B),Mono_A30,Mast_A30,EFNA1,EPHA2,0.665359
A30 (398B),Mono_A30,Mast_A30,CDH1,ITGB1,0.581629
A30 (398B),Mono_A30,Mast_A30,MIF,CD74,1.0
A30 (398B),Mono_A30,Mast_A30,LGALS9,MRC1,0.370499
A30 (398B),Mono_A30,Mast_A30,MDK,LRP1,0.700117
A30 (398B),Mono_A30,Epi-Intestine_A30,IL6,IL6R,0.593988
A30 (398B),Mono_A30,Epi-Intestine_A30,DLL1,NOTCH1,0.345156
A30 (398B),Mono_A30,Epi-Intestine_A30,TNFSF13B,HLA-DPB1,0.516987
A30 (398B),Mono_A30,Epi-Intestine_A30,CXCL12,CXCR4,1.0
A30 (398B),Mono_A30,Epi-Intestine_A30,JAG1,NOTCH2,0.264352
A30 (398B),ILC3_A30,T-CD8_A30,TNFSF13B,HLA-DPB1,0.893644
A30 (398B),ILC3_A30,T-CD8_A30,IGF1,IGF1R,0.921613
A30 (398B),ILC3_A30,T-CD8_A30,CXCL12,CXCR4,0.766437
A30 (398B),ILC3_A30,T-CD8_A30,CCL5,CCR1,0.656754
A30 (398B),ILC3_A30,T-CD8_A30,SPP1,CD44,0.831769
A30 (398B),ILC3_A30,T-CD8_A30,TNF,TNFRSF1A,0.33985
A30 (398B),T-CD4_A30,Mono_A30,CDH1,ITGB1,0.686157
A30 (398B),T-CD4_A30,Mono_A30,CXCL12,CXCR4,0.921392
A30 (398B),T-CD4_A30,Mono_A30,SPP1,CD44,0.614843
A30 (398B),T-CD4_A30,Mono_A30,TGFB1,TGFBR1,0.097248
A30 (398B),Epi-Intestine_A30,B-mem_A30,EFNA1,EPHA2,0.317507
A30 (398B),Epi-Intestine_A30,B-mem_A30,IGF1,IGF1R,0.663797
A30 (398B),Epi-Intestine_A30,B-mem_A30,PDGFB,PDGFRB,0.11802
A30 (398B),Epi-Intestine_A30,B-mem_A30,CSF1,CSF1R,0.676442
A30 (398B),Epi-Intestine_A30,B-mem_A30,CXCL12,CXCR4,0.754427
A30 (398B),Stromal-Intestine_A30,Mono_A30,CDH1,ITGB1,0.338333
A30 (398B),Stromal-Intestine_A30,Mono_A30,TNFSF13B,HLA-DPB1,0.542291
A30 (398B),Stromal-Intestine_A30,Mono_A30,IGF1,IGF1R,0.660875
A30 (398B),Stromal-Intestine_A30,Mono_A30,CCL5,CCR1,0.935276
A30 (398B),Stromal-Intestine_A30,Mono_A30,BMP4,BMPR1A,0.82548
A30 (398B),Stromal-Intestine_A30,Mono_A30,TGFB1,TGFBR1,0.898981
A30 (398B),T-gamma/delta_A30,Stromal-Intestine_A30,GRN,SORT1,0.733277
A30 (398B),T-gamma/delta_A30,Stromal-Intestine_A30,LGALS9,MRC1,0.740559
A30 (398B),T-gamma/delta_A30,Stromal-Intestine_A30,FAM3C,HLA-C,0.85602
A30 (398B),T-gamma/delta_A30,Stromal-Intestine_A30,HGF,MET,0.409997
A30 (398B),T-gamma/delta_A30,Stromal-Intestine_A30,IL6,IL6R,0.425601
A30 (398B),T-gamma/delta_A30,Stromal-Intestine_A30,CCL3,CCR1,0.782428
A30 (398B),Endo_A30,Stromal-Intestine_A30,HLA-E,KLRC1,0.737572
A30 (398B),Endo_A30,Stromal-Intestine_A30,TNFSF13B,HLA-DPB1,0.717075
A30 (398B),Endo_A30,Stromal-Intestine_A30,FGF2,FGFR1,0.807017
A30 (398B),Endo_A30,Stromal-Intestine_A30,RPS19,C5AR1,0.638471
A30 (398B),T-CD8_A30,T-gamma/delta_A30,LGALS9,MRC1,1.0
A30 (398B),T-CD8_A30,T-gamma/delta_A30,BMP4,BMPR1A,0.555026
A30 (398B),T-CD8_A30,T-gamma/delta_A30,AREG,EGFR,0.894056
A30 (398B),DC_A30,Epi-Intestine_A30,DLL1,NOTCH1,0.551901
A30 (398B),DC_A30,Epi-Intestine_A30,FAM3C,HLA-C,0.729371
A30 (398B),DC_A30,Epi-Intestine_A30,TNF,TNFRSF1A,0.201511
A30 (398B),DC_A30,Epi-Intestine_A30,HLA-E,KLRC1,1.0
A30 (398B),T-CD8_A30,ILC3_A30,CSF1,CSF1R,0.967468
A30 (398B),T-CD8_A30,ILC3_A30,RPS19,C5AR1,0.824669
A30 (398B),T-CD8_A30,ILC3_A30,EFNA1,EPHA2,0.159137
A30 (398B),T-CD8_A30,ILC3_A30,C3,C3AR1,0.636131
A30 (398B),T-CD8_A30,ILC3_A30,IGF1,IGF1R,0.306622
A30 (398B),DC_A30,Stromal-Intestine_A30,EGF,EGFR,0.380248
A30 (398B),DC_A30,Stromal-Intestine_A30,DLL1,NOTCH1,0.491133
A30 (398B),DC_A30,Stromal-Intestine_A30,LGALS9,MRC1,0.696676
A30 (398B),DC_A30,Stromal-Intestine_A30,HLA-E,KLRC1,0.862011
A30 (398B),DC_A30,Stromal-Intestine_A30,CXCL12,CXCR4,1.0
A30 (398B),DC_A30,Stromal-Intestine_A30,CCL3,CCR1,0.353858
A30 (398B),DC_A30,Stromal-Intestine_A30,AREG,EGFR,1.0
