patient_id,source,target,ligand,receptor,weight_sc
A26 (386C),Stromal-Intestine_A26,ILC3_A26,LILRB4,LAIR1,0.337639
A26 (386C),Stromal-Intestine_A26,ILC3_A26,TNF,TNFRSF1A,0.29796
A26 (386C),Stromal-Intestine_A26,ILC3_A26,LTB,LTBR,0.549975
A26 (386C),Stromal-Intestine_A26,ILC3_A26,FAM3C,HLA-C,0.29378
A26 (386C),DC_A26,Epi-Intestine_A26,LILRB4,LAIR1,0.126718
A26 (386C),DC_A26,Epi-Intestine_A26,TNFSF13B,HLA-DPB1,0.404077
A26 (386C),DC_A26,Epi-Intestine_A26,RPS19,C5AR1,0.619749
A26 (386C),DC_A26,Epi-Intestine_A26,CSF1,CSF1R,0.298989
A26 (386C),DC_A26,Epi-Intestine_A26,CDH1,ITGB1,0.307048
A26 (386C),Epi-Intestine_A26,T-CD8_A26,DLL1,NOTCH1,0.318406
A26 (386C),Epi-Intestine_A26,T-CD8_A26,FAM3C,HLA-C,0.581167
A26 (386C),Epi-Intestine_A26,T-CD8_A26,HLA-E,KLRC1,0.487965
A26 (386C),Epi-Intestine_A26,T-CD8_A26,CCL3,CCR1,0.314714
A26 (386C),Epi-Intestine_A26,T-CD8_A26,RPS19,C5AR1,0.336462
A26 (386C),Epi-Intestine_A26,T-CD8_A26,IL6,IL6R,0.316224
A26 (386C),Epi-Intestine_A26,T-CD8_A26,EFNA1,EPHA2,0.195343
A26 (386C),Plasma_A26,T-CD8_A26,DLL1,NOTCH1,0.060218
A26 (386C),Plasma_A26,T-CD8_A26,RPS19,C5AR1,0.20172
A26 (386C),Plasma_A26,T-CD8_A26,CDH1,ITGB1,0.075931
A26 (386C),Mono_A26,Epi-Intestine_A26,APP,CD74,0.419244
A26 (386C),Mono_A26,Epi-Intestine_A26,GRN,SORT1,0.533488
A26 (386C),Mono_A26,Epi-Intestine_A26,MIF,CD74,0.49453
A26 (386C),Mono_A26,Epi-Intestine_A26,RPS19,C5AR1,0.444354
A26 (386C),Mono_A26,Epi-Intestine_A26,HLA-E,KLRC1,0.438042
A26 (386C),B-mem_A26,T-CD8_A26,RPS19,C5AR1,0.442872
A26 (386C),B-mem_A26,T-CD8_A26,IGF1,IGF1R,0.380783
A26 (386C),B-mem_A26,T-CD8_A26,LTB,LTBR,0.411531
A26 (386C),B-mem_A26,T-CD8_A26,HLA-E,KLRC1,0.312394
A26 (386C),B-mem_A26,Mac_A26,HLA-E,KLRC1,0.52386
A26 (386C),B-mem_A26,Mac_A26,IL6,IL6R,0.001
A26 (386C),B-mem_A26,Mac_A26,CDH1,ITGB1,0.124863
A26 (386C),B-mem_A26,Mac_A26,JAG1,NOTCH2,0.203774
A26 (386C),B-mem_A26,Mac_A26,SPP1,CD44,0.556909
A26 (386C),B-mem_A26,Mac_A26,MDK,LRP1,0.464853
A26 (386C),B-mem_A26,Mac_A26,LGALS9,MRC1,0.29187
A26 (386C),DC_A26,T-CD4_A26,MIF,CD74,0.367114
A26 (386C),DC_A26,T-CD4_A26,AREG,EGFR,0.130112
A26 (386C),DC_A26,T-CD4_A26,LTB,LTBR,0.596024
A26 (386C),DC_A26,T-CD4_A26,CCL5,CCR1,0.374969
A26 (386C),DC_A26,T-CD4_A26,DLL1,NOTCH1,0.290391
A26 (386C),DC_A26,T-CD4_A26,HLA-E,KLRC1,0.458085
A26 (386C),DC_A26,T-CD4_A26,IGF1,IGF1R,0.256864
A26 (386C),Plasma_A26,NK_A26,MDK,LRP1,0.25306
A26 (386C),Plasma_A26,NK_A26,CSF1,CSF1R,0.403355
A26 (386C),Plasma_A26,NK_A26,CXCL12,CXCR4,0.290765
A26 (386C),Plasma_A26,NK_A26,PDGFB,PDGFRB,0.096748
A26 (386C),Mac_A26,Plasma_A26,FGF2,FGFR1,0.36704
A26 (386C),Mac_A26,Plasma_A26,TNF,TNFRSF1A,0.402266
A26 (386C),Mac_A26,Plasma_A26,APP,CD74,0.453574
A26 (386C),Mac_A26,Plasma_A26,CCL3,CCR1,0.646399
A26 (386C),Mac_A26,Plasma_A26,IGF1,IGF1R,0.032247
A26 (386C),Mac_A26,Plasma_A26,CCL5,CCR1,0.330313
A26 (386C),Mac_A26,Plasma_A26,FAM3C,HLA-C,0.441286
A26 (386C),Endo_A26,Mono_A26,IL6,IL6R,0.230869
A26 (386C),Endo_A26,Mono_A26,WNT5A,FZD1,0.293418
A26 (386C),Endo_A26,Mono_A26,IGF1,IGF1R,0.214415
A26 (386C),Endo_A26,Mono_A26,JAG1,NOTCH2,0.273378
A26 (386C),Endo_A26,Mono_A26,TNF,TNFRSF1A,0.211247
A26 (386C),Endo_A26,Mono_A26,LTB,LTBR,0.351724
A26 (386C),Endo_A26,Mono_A26,LGALS9,MRC1,0.2135
A26 (386C),Mast_A26,T-gamma/delta_A26,JAG1,NOTCH2,0.212965
A26 (386C),Mast_A26,T-gamma/delta_A26,HGF,MET,0.297005
A26 (386C),Mast_A26,T-gamma/delta_A26,IGF1,IGF1R,0.231691
A26 (386C),Mast_A26,T-gamma/delta_A26,CSF1,CSF1R,0.319483
A26 (386C),Mast_A26,T-gamma/delta_A26,VEGFA,KDR,0.33703
A26 (386C),Mast_A26,T-gamma/delta_A26,EFNA1,EPHA2,0.389853
A26 (386C),ILC3_A26,Mast_A26,GRN,SORT1,0.447375
A26 (386C),ILC3_A26,Mast_A26,DLL1,NOTCH1,0.343963
A26 (386C),ILC3_A26,Mast_A26,CDH1,ITGB1,0.248746
A26 (386C),ILC3_A26,Mast_A26,TNFSF13B,HLA-DPB1,0.337914
A26 (386C),ILC3_A26,Mast_A26,LILRB4,LAIR1,0.669952
A26 (386C),ILC3_A26,Mast_A26,MDK,LRP1,0.478736
A26 (386C),ILC3_A26,Mast_A26,MIF,CD74,0.609448
A26 (386C),Mac_A26,ILC3_A26,CSF1,CSF1R,0.487503
A26 (386C),Mac_A26,ILC3_A26,CCL3,CCR1,0.398331
A26 (386C),Mac_A26,ILC3_A26,AREG,EGFR,0.358187
A26 (386C),Mac_A26,ILC3_A26,LTB,LTBR,0.514868
A26 (386C),Mac_A26,ILC3_A26,APP,CD74,0.323048
A26 (386C),T-gamma/delta_A26,Endo_A26,CDH1,ITGB1,0.298973
A26 (386C),T-gamma/delta_A26,Endo_A26,BMP4,BMPR1A,0.137612
A26 (386C),T-gamma/delta_A26,Endo_A26,WNT5A,FZD1,0.18006
A26 (386C),T-gamma/delta_A26,Endo_A26,HGF,MET,0.216653
A26 (386C),T-gamma/delta_A26,Endo_A26,TNFSF13B,HLA-DPB1,0.368795
A26 (386C),T-CD8_A26,Stromal-Intestine_A26,AREG,EGFR,0.283809
A26 (386C),T-CD8_A26,Stromal-Intestine_A26,VEGFA,KDR,0.130828
A26 (386C),T-CD8_A26,Stromal-Intestine_A26,BMP4,BMPR1A,0.183457
A26 (386C),T-CD8_A26,Stromal-Intestine_A26,EFNA1,EPHA2,0.177469
A26 (386C),Epi-Intestine_A26,ILC3_A26,TNFSF13B,HLA-DPB1,0.484462
A26 (386C),Epi-Intestine_A26,ILC3_A26,COPA,CD74,0.405622
A26 (386C),Epi-Intestine_A26,ILC3_A26,HLA-E,KLRC1,0.5411
A26 (386C),Epi-Intestine_A26,ILC3_A26,SPP1,CD44,0.450214
A26 (386C),Epi-Intestine_A26,T-CD4_A26,GRN,SORT1,0.332999
A26 (386C),Epi-Intestine_A26,T-CD4_A26,EFNA1,EPHA2,0.25276
A26 (386C),Epi-Intestine_A26,T-CD4_A26,EGF,EGFR,0.056646
A26 (386C),Epi-Intestine_A26,T-CD4_A26,IGF1,IGF1R,0.034583
A26 (386C),Epi-Intestine_A26,T-CD4_A26,WNT5A,FZD1,0.325463
A26 (386C),Epi-Intestine_A26,T-CD4_A26,CDH1,ITGB1,0.27513
A26 (386C),Epi-Intestine_A26,T-CD4_A26,C3,C3AR1,0.520155
A26 (386C),Mac_A26,T-gamma/delta_A26,CDH1,ITGB1,0.209879
A26 (386C),Mac_A26,T-gamma/delta_A26,DLL1,NOTCH1,0.389246
A26 (386C),Mac_A26,T-gamma/delta_A26,IGF1,IGF1R,0.055039
A26 (386C),Mac_A26,T-gamma/delta_A26,FAM3C,HLA-C,0.483236
A26 (386C),Mac_A26,T-gamma/delta_A26,AREG,EGFR,0.355706
A26 (386C),Mac_A26,T-gamma/delta_A26,APP,CD74,0.348179
A26 (386C),Mac_A26,T-gamma/delta_A26,JAG1,NOTCH2,0.127724
A26 (386C),B-naive_A26,Mast_A26,DLL1,NOTCH1,0.038106
A26 (386C),B-naive_A26,Mast_A26,IGF1,IGF1R,0.292654
A26 (386C),B-naive_A26,Mast_A26,HLA-E,KLRC1,0.331761
A26 (386C),B-naive_A26,Mast_A26,LILRB4,LAIR1,0.356608
A26 (386C),B-naive_A26,Mast_A26,TNFSF13B,HLA-DPB1,0.516088
A26 (386C),B-mem_A26,B-naive_A26,PDGFB,PDGFRB,0.001
A26 (386C),B-mem_A26,B-naive_A26,TNF,TNFRSF1A,0.067659
A26 (386C),B-mem_A26,B-naive_A26,JAG1,NOTCH2,0.13123
A26 (386C),B-mem_A26,B-naive_A26,TNFSF13B,HLA-DPB1,0.434611
A26 (386C),B-mem_A26,B-naive_A26,MIF,CD74,0.527939
A26 (386C),ILC3_A26,B-naive_A26,LTB,LTBR,0.466395
A26 (386C),ILC3_A26,B-naive_A26,EFNA1,EPHA2,0.350058
A26 (386C),ILC3_A26,B-naive_A26,WNT5A,FZD1,0.224376
A26 (386C),ILC3_A26,B-naive_A26,MIF,CD74,0.588859
A26 (386C),ILC3_A26,B-naive_A26,VEGFA,KDR,0.03677
A26 (386C),ILC3_A26,B-naive_A26,RPS19,C5AR1,0.342451
A26 (386C),Stromal-Intestine_A26,Epi-Intestine_A26,CSF1,CSF1R,0.446939
A26 (386C),Stromal-Intestine_A26,Epi-Intestine_A26,CXCL12,CXCR4,0.4769
A26 (386C),Stromal-Intestine_A26,Epi-Intestine_A26,FAM3C,HLA-C,0.243995
A26 (386C),Stromal-Intestine_A26,Epi-Intestine_A26,EGF,EGFR,0.106749
A26 (386C),Mast_A26,Stromal-Intestine_A26,SPP1,CD44,0.650099
A26 (386C),Mast_A26,Stromal-Intestine_A26,CDH1,ITGB1,0.236905
A26 (386C),Mast_A26,Stromal-Intestine_A26,APP,CD74,0.409869
A26 (386C),Mast_A26,Stromal-Intestine_A26,FGF2,FGFR1,0.21751
A26 (386C),Mast_A26,Stromal-Intestine_A26,CCL5,CCR1,0.320716
A26 (386C),Mast_A26,Stromal-Intestine_A26,MIF,CD74,0.379849
A26 (386C),Mast_A26,Stromal-Intestine_A26,EFNA1,EPHA2,0.358749
A26 (386C),T-gamma/delta_A26,B-naive_A26,FGF2,FGFR1,0.074711
A26 (386C),T-gamma/delta_A26,B-naive_A26,VEGFA,KDR,0.148353
A26 (386C),T-gamma/delta_A26,B-naive_A26,FAM3C,HLA-C,0.28778
A26 (386C),T-gamma/delta_A26,B-naive_A26,MIF,CD74,0.421715
A26 (386C),B-naive_A26,ILC3_A26,CDH1,ITGB1,0.160644
A26 (386C),B-naive_A26,ILC3_A26,CCL5,CCR1,0.473299
A26 (386C),B-naive_A26,ILC3_A26,EGF,EGFR,0.127191
A26 (386C),B-naive_A26,ILC3_A26,WNT5A,FZD1,0.183968
A26 (386C),Plasma_A26,Mac_A26,FAM3C,HLA-C,0.34843
A26 (386C),Plasma_A26,Mac_A26,LILRB4,LAIR1,0.357873
A26 (386C),Plasma_A26,Mac_A26,APP,CD74,0.452407
A26 (386C),Plasma_A26,Mac_A26,HLA-E,KLRC1,0.411991
A26 (386C),Plasma_A26,Mac_A26,FGF2,FGFR1,0.014091
A26 (386C),Plasma_A26,Mac_A26,CSF1,CSF1R,0.100687
A26 (386C),Stromal-Intestine_A26,Plasma_A26,AREG,EGFR,0.359589
A26 (386C),Stromal-Intestine_A26,Plasma_A26,WNT5A,FZD1,0.096925
A26 (386C),Stromal-Intestine_A26,Plasma_A26,APP,CD74,0.262802
A26 (386C),Stromal-Intestine_A26,Plasma_A26,HLA-E,KLRC1,0.162028
A26 (386C),Stromal-Intestine_A26,Plasma_A26,MDK,LRP1,0.2339
A26 (386C),Stromal-Intestine_A26,Plasma_A26,HGF,MET,0.157389
A26 (386C),Stromal-Intestine_A26,Plasma_A26,CD99,PILRA,0.345865
A26 (386C),Endo_A26,Stromal-Intestine_A26,TNF,TNFRSF1A,0.303713
A26 (386C),Endo_A26,Stromal-Intestine_A26,CCL3,CCR1,0.158821
A26 (386C),Endo_A26,Stromal-Intestine_A26,PDGFB,PDGFRB,0.228962
A26 (386C),Endo_A26,Stromal-Intestine_A26,TGFB1,TGFBR1,0.055889
A26 (386C),Endo_A26,Stromal-Intestine_A26,HGF,MET,0.231089
A26 (386C),Endo_A26,Stromal-Intestine_A26,CDH1,ITGB1,0.388685
A26 (386C),Endo_A26,Stromal-Intestine_A26,EGF,EGFR,0.142725
A26 (386C),Mast_A26,Mac_A26,FAM3C,HLA-C,0.317282
A26 (386C),Mast_A26,Mac_A26,HLA-E,KLRC1,0.301409
A26 (386C),Mast_A26,Mac_A26,C3,C3AR1,0.261595
A26 (386C),Mast_A26,Mac_A26,CSF1,CSF1R,0.386289
A26 (386C),Mast_A26,Mac_A26,EGF,EGFR,0.169435
A26 (386C),Mast_A26,Mac_A26,AREG,EGFR,0.412523
A26 (386C),Mast_A26,Mac_A26,APP,CD74,0.358584
A26 (386C),T-CD8_A26,T-gamma/delta_A26,CSF1,CSF1R,0.265999
A26 (386C),T-CD8_A26,T-gamma/delta_A26,WNT5A,FZD1,0.280569
A26 (386C),T-CD8_A26,T-gamma/delta_A26,VEGFA,KDR,0.178574
A26 (386C),T-CD8_A26,T-gamma/delta_A26,FAM3C,HLA-C,0.227749
A26 (386C),T-CD8_A26,T-gamma/delta_A26,HGF,MET,0.215661
A26 (386C),B-mem_A26,Epi-Intestine_A26,IL6,IL6R,0.116167
A26 (386C),B-mem_A26,Epi-Intestine_A26,CDH1,ITGB1,0.170148
A26 (386C),B-mem_A26,Epi-Intestine_A26,C3,C3AR1,0.129129
A26 (386C),B-mem_A26,Epi-Intestine_A26,IGF1,IGF1R,0.271889
A26 (386C),B-mem_A26,Epi-Intestine_A26,COPA,CD74,0.567981
A26 (386C),B-mem_A26,Epi-Intestine_A26,MDK,LRP1,0.535996
A26 (386C),B-mem_A26,Epi-Intestine_A26,GRN,SORT1,0.417695
A26 (386C),T-CD4_A26,DC_A26,RPS19,C5AR1,0.548987
A26 (386C),T-CD4_A26,DC_A26,TNF,TNFRSF1A,0.145223
A26 (386C),T-CD4_A26,DC_A26,LTB,LTBR,0.229327
A26 (386C),T-CD4_A26,DC_A26,EGF,EGFR,0.474803
A26 (386C),T-CD4_A26,DC_A26,SPP1,CD44,0.283401
A26 (386C),T-gamma/delta_A26,Stromal-Intestine_A26,GRN,SORT1,0.240676
A26 (386C),T-gamma/delta_A26,Stromal-Intestine_A26,CCL5,CCR1,0.270664
A26 (386C),T-gamma/delta_A26,Stromal-Intestine_A26,C3,C3AR1,0.547021
A26 (386C),T-gamma/delta_A26,Stromal-Intestine_A26,RPS19,C5AR1,0.235988
A26 (386C),Mono_A26,Mac_A26,AREG,EGFR,0.198589
A26 (386C),Mono_A26,Mac_A26,BMP4,BMPR1A,0.260814
A26 (386C),Mono_A26,Mac_A26,CD99,PILRA,0.563288
A26 (386C),Mono_A26,Mac_A26,VEGFA,KDR,0.073219
A26 (386C),Epi-Intestine_A26,DC_A26,IGF1,IGF1R,0.24456
A26 (386C),Epi-Intestine_A26,DC_A26,TGFB1,TGFBR1,0.08508
A26 (386C),Epi-Intestine_A26,DC_A26,APP,CD74,0.510703
A26 (386C),Epi-Intestine_A26,DC_A26,PDGFB,PDGFRB,0.287036
A26 (386C),DC_A26,Plasma_A26,SPP1,CD44,0.282338
A26 (386C),DC_A26,Plasma_A26,MDK,LRP1,0.283946
A26 (386C),DC_A26,Plasma_A26,AREG,EGFR,0.320206
A26 (386C),Plasma_A26,Endo_A26,RPS19,C5AR1,0.167587
A26 (386C),Plasma_A26,Endo_A26,EFNA1,EPHA2,0.19194
A26 (386C),Plasma_A26,Endo_A26,CDH1,ITGB1,0.001
A26 (386C),Plasma_A26,Endo_A26,JAG1,NOTCH2,0.061686
A26 (386C),Plasma_A26,Endo_A26,APP,CD74,0.467034
A26 (386C),NK_A26,B-naive_A26,FGF2,FGFR1,0.377398
A26 (386C),NK_A26,B-naive_A26,BMP4,BMPR1A,0.001
A26 (386C),NK_A26,B-naive_A26,LGALS9,MRC1,0.417675
A26 (386C),NK_A26,B-naive_A26,COPA,CD74,0.432354
A26 (386C),NK_A26,B-naive_A26,EGF,EGFR,0.195379
A26 (386C),NK_A26,B-naive_A26,IL6,IL6R,0.113744
A26 (386C),NK_A26,B-naive_A26,LTB,LTBR,0.270316
A26 (386C),Endo_A26,T-CD8_A26,C3,C3AR1,0.320344
A26 (386C),Endo_A26,T-CD8_A26,IGF1,IGF1R,0.120431
A26 (386C),Endo_A26,T-CD8_A26,COPA,CD74,0.335301
A38 (432C),ILC3_A38,NK_A38,CCL5,CCR1,0.05457
A38 (432C),ILC3_A38,NK_A38,MDK,LRP1,0.361748
A38 (432C),ILC3_A38,NK_A38,DLL1,NOTCH1,0.190741
A38 (432C),ILC3_A38,NK_A38,APP,CD74,0.23847
A38 (432C),T-CD8_A38,Mac_A38,HLA-E,KLRC1,0.527331
A38 (432C),T-CD8_A38,Mac_A38,CCL3,CCR1,0.36428
A38 (432C),T-CD8_A38,Mac_A38,C3,C3AR1,0.325702
A38 (432C),T-CD8_A38,Mac_A38,AREG,EGFR,0.621628
A38 (432C),T-CD8_A38,Mac_A38,FAM3C,HLA-C,0.428117
A38 (432C),T-CD8_A38,Mac_A38,BMP4,BMPR1A,0.146069
A38 (432C),T-CD8_A38,Mac_A38,CSF1,CSF1R,0.363516
A38 (432C),T-gamma/delta_A38,B-naive_A38,C3,C3AR1,0.460131
A38 (432C),T-gamma/delta_A38,B-naive_A38,IL6,IL6R,0.435799
A38 (432C),T-gamma/delta_A38,B-naive_A38,TGFB1,TGFBR1,0.3854
A38 (432C),T-gamma/delta_A38,B-naive_A38,FGF2,FGFR1,0.312044
A38 (432C),T-gamma/delta_A38,B-naive_A38,CCL5,CCR1,0.357177
A38 (432C),DC_A38,B-naive_A38,SPP1,CD44,0.360026
A38 (432C),DC_A38,B-naive_A38,MIF,CD74,0.290788
A38 (432C),DC_A38,B-naive_A38,LTB,LTBR,0.427374
A38 (432C),DC_A38,B-naive_A38,HGF,MET,0.310492
A38 (432C),DC_A38,B-naive_A38,RPS19,C5AR1,0.438314
A38 (432C),DC_A38,B-naive_A38,IGF1,IGF1R,0.159954
A38 (432C),B-mem_A38,Endo_A38,TNF,TNFRSF1A,0.18175
A38 (432C),B-mem_A38,Endo_A38,JAG1,NOTCH2,0.098718
A38 (432C),B-mem_A38,Endo_A38,EFNA1,EPHA2,0.21548
A38 (432C),B-mem_A38,Endo_A38,DLL1,NOTCH1,0.047382
A38 (432C),B-mem_A38,Endo_A38,TGFB1,TGFBR1,0.09347
A38 (432C),B-mem_A38,Endo_A38,SPP1,CD44,0.160618
A38 (432C),B-mem_A38,Endo_A38,C3,C3AR1,0.526896
A38 (432C),Mast_A38,DC_A38,CDH1,ITGB1,0.129991
A38 (432C),Mast_A38,DC_A38,TNF,TNFRSF1A,0.180756
A38 (432C),Mast_A38,DC_A38,TGFB1,TGFBR1,0.339981
A38 (432C),Mast_A38,DC_A38,LGALS9,MRC1,0.423448
A38 (432C),Mast_A38,DC_A38,AREG,EGFR,0.384453
A38 (432C),Mast_A38,DC_A38,MDK,LRP1,0.497958
A38 (432C),B-mem_A38,Stromal-Intestine_A38,GRN,SORT1,0.591436
A38 (432C),B-mem_A38,Stromal-Intestine_A38,CDH1,ITGB1,0.038015
A38 (432C),B-mem_A38,Stromal-Intestine_A38,HLA-E,KLRC1,0.410474
A38 (432C),B-mem_A38,Stromal-Intestine_A38,LTB,LTBR,0.499943
A38 (432C),B-mem_A38,Stromal-Intestine_A38,LILRB4,LAIR1,0.408206
A38 (432C),B-mem_A38,Stromal-Intestine_A38,CSF1,CSF1R,0.341179
A38 (432C),B-mem_A38,Stromal-Intestine_A38,TGFB1,TGFBR1,0.001
A38 (432C),Endo_A38,Plasma_A38,CD99,PILRA,0.498391
A38 (432C),Endo_A38,Plasma_A38,CCL3,CCR1,0.311241
A38 (432C),Endo_A38,Plasma_A38,TNF,TNFRSF1A,0.345816
A38 (432C),Endo_A38,Plasma_A38,CSF1,CSF1R,0.378562
A38 (432C),Endo_A38,Plasma_A38,WNT5A,FZD1,0.225313
A38 (432C),T-CD4_A38,DC_A38,AREG,EGFR,0.044491
A38 (432C),T-CD4_A38,DC_A38,CCL3,CCR1,0.461971
A38 (432C),T-CD4_A38,DC_A38,SPP1,CD44,0.244803
A38 (432C),T-CD4_A38,DC_A38,VEGFA,KDR,0.276096
A38 (432C),T-CD4_A38,DC_A38,CDH1,ITGB1,0.129147
A38 (432C),T-CD4_A38,DC_A38,EFNA1,EPHA2,0.294007
A38 (432C),T-CD4_A38,DC_A38,WNT5A,FZD1,0.301102
A38 (432C),B-naive_A38,Plasma_A38,COPA,CD74,0.626341
A38 (432C),B-naive_A38,Plasma_A38,HGF,MET,0.323324
A38 (432C),B-naive_A38,Plasma_A38,TGFB1,TGFBR1,0.001
A38 (432C),Stromal-Intestine_A38,DC_A38,CCL5,CCR1,0.492433
A38 (432C),Stromal-Intestine_A38,DC_A38,TGFB1,TGFBR1,0.147078
A38 (432C),Stromal-Intestine_A38,DC_A38,CCL3,CCR1,0.392984
A38 (432C),Stromal-Intestine_A38,DC_A38,CXCL12,CXCR4,0.392625
A38 (432C),Stromal-Intestine_A38,DC_A38,TNFSF13B,HLA-DPB1,0.391194
A38 (432C),Stromal-Intestine_A38,DC_A38,CD99,PILRA,0.632442
A38 (432C),Stromal-Intestine_A38,DC_A38,LGALS9,MRC1,0.421283
A38 (432C),Mono_A38,B-naive_A38,GRN,SORT1,0.300984
A38 (432C),Mono_A38,B-naive_A38,PDGFB,PDGFRB,0.233453
A38 (432C),Mono_A38,B-naive_A38,AREG,EGFR,0.159749
A38 (432C),Mono_A38,B-naive_A38,TNFSF13B,HLA-DPB1,0.099312
A38 (432C),Mono_A38,B-naive_A38,APP,CD74,0.226081
A38 (432C),Mono_A38,B-naive_A38,DLL1,NOTCH1,0.189215
A38 (432C),Mono_A38,B-naive_A38,SPP1,CD44,0.365322
A38 (432C),Endo_A38,ILC3_A38,AREG,EGFR,0.548981
A38 (432C),Endo_A38,ILC3_A38,MIF,CD74,0.362269
A38 (432C),Endo_A38,ILC3_A38,LILRB4,LAIR1,0.178673
A38 (432C),Endo_A38,ILC3_A38,CD99,PILRA,0.375862
A38 (432C),Endo_A38,ILC3_A38,CCL3,CCR1,0.2246
A38 (432C),T-CD4_A38,Mast_A38,EGF,EGFR,0.378136
A38 (432C),T-CD4_A38,Mast_A38,MDK,LRP1,0.364239
A38 (432C),T-CD4_A38,Mast_A38,DLL1,NOTCH1,0.437172
A38 (432C),T-CD4_A38,Mast_A38,TNF,TNFRSF1A,0.257823
A38 (432C),B-naive_A38,T-gamma/delta_A38,WNT5A,FZD1,0.356931
A38 (432C),B-naive_A38,T-gamma/delta_A38,VEGFA,KDR,0.110137
A38 (432C),B-naive_A38,T-gamma/delta_A38,HLA-E,KLRC1,0.442353
A38 (432C),B-naive_A38,T-gamma/delta_A38,BMP4,BMPR1A,0.081381
A38 (432C),B-naive_A38,T-gamma/delta_A38,TNF,TNFRSF1A,0.075124
A38 (432C),B-naive_A38,T-gamma/delta_A38,MDK,LRP1,0.405519
A38 (432C),B-naive_A38,T-gamma/delta_A38,MIF,CD74,0.172928
A38 (432C),DC_A38,B-mem_A38,GRN,SORT1,0.35102
A38 (432C),DC_A38,B-mem_A38,LILRB4,LAIR1,0.471369
A38 (432C),DC_A38,B-mem_A38,BMP4,BMPR1A,0.162891
A38 (432C),DC_A38,T-CD8_A38,TNF,TNFRSF1A,0.267907
A38 (432C),DC_A38,T-CD8_A38,EGF,EGFR,0.304235
A38 (432C),DC_A38,T-CD8_A38,CCL5,CCR1,0.225274
A38 (432C),DC_A38,T-CD8_A38,FAM3C,HLA-C,0.378594
A38 (432C),DC_A38,T-CD8_A38,LGALS9,MRC1,0.366827
A38 (432C),DC_A38,T-CD8_A38,VEGFA,KDR,0.262025
A38 (432C),DC_A38,T-CD8_A38,CXCL12,CXCR4,0.357778
A38 (432C),Mac_A38,Mono_A38,MIF,CD74,0.479394
A38 (432C),Mac_A38,Mono_A38,SPP1,CD44,0.382222
A38 (432C),Mac_A38,Mono_A38,PDGFB,PDGFRB,0.024653
A38 (432C),Mac_A38,Mono_A38,EGF,EGFR,0.219216
A38 (432C),Mac_A38,Mono_A38,DLL1,NOTCH1,0.09152
A38 (432C),Mac_A38,Mono_A38,COPA,CD74,0.242554
A38 (432C),T-CD4_A38,B-naive_A38,IL6,IL6R,0.025938
A38 (432C),T-CD4_A38,B-naive_A38,SPP1,CD44,0.580665
A38 (432C),T-CD4_A38,B-naive_A38,DLL1,NOTCH1,0.421203
A38 (432C),T-CD4_A38,B-naive_A38,MDK,LRP1,0.38883
A38 (432C),T-CD4_A38,B-naive_A38,CSF1,CSF1R,0.261003
A38 (432C),T-CD4_A38,B-naive_A38,CD99,PILRA,0.572973
A38 (432C),B-naive_A38,DC_A38,LTB,LTBR,0.230737
A38 (432C),B-naive_A38,DC_A38,MDK,LRP1,0.433005
A38 (432C),B-naive_A38,DC_A38,TGFB1,TGFBR1,0.231028
A38 (432C),Plasma_A38,Epi-Intestine_A38,C3,C3AR1,0.484977
A38 (432C),Plasma_A38,Epi-Intestine_A38,TGFB1,TGFBR1,0.178501
A38 (432C),Plasma_A38,Epi-Intestine_A38,APP,CD74,0.383743
A38 (432C),Plasma_A38,Epi-Intestine_A38,BMP4,BMPR1A,0.201366
A38 (432C),Plasma_A38,Epi-Intestine_A38,HLA-E,KLRC1,0.44
A38 (432C),Plasma_A38,Epi-Intestine_A38,CDH1,ITGB1,0.307319
A38 (432C),Plasma_A38,Epi-Intestine_A38,LILRB4,LAIR1,0.328705
A38 (432C),T-CD4_A38,Mac_A38,CXCL12,CXCR4,0.491686
A38 (432C),T-CD4_A38,Mac_A38,VEGFA,KDR,0.138721
A38 (432C),T-CD4_A38,Mac_A38,IL6,IL6R,0.161101
A38 (432C),T-CD4_A38,Mac_A38,CD99,PILRA,0.266442
A38 (432C),T-CD4_A38,Mac_A38,GRN,SORT1,0.632259
A38 (432C),T-CD4_A38,Mac_A38,HLA-E,KLRC1,0.481125
A38 (432C),T-CD4_A38,Mac_A38,CCL5,CCR1,0.275084
A38 (432C),Mac_A38,ILC3_A38,PDGFB,PDGFRB,0.184853
A38 (432C),Mac_A38,ILC3_A38,IGF1,IGF1R,0.225138
A38 (432C),Mac_A38,ILC3_A38,DLL1,NOTCH1,0.060464
A38 (432C),Mac_A38,ILC3_A38,CSF1,CSF1R,0.570744
A38 (432C),Mac_A38,ILC3_A38,COPA,CD74,0.261668
A38 (432C),Mac_A38,ILC3_A38,SPP1,CD44,0.449478
A38 (432C),Endo_A38,NK_A38,CSF1,CSF1R,0.330213
A38 (432C),Endo_A38,NK_A38,CCL5,CCR1,0.133453
A38 (432C),Endo_A38,NK_A38,LILRB4,LAIR1,0.480083
A38 (432C),Endo_A38,NK_A38,JAG1,NOTCH2,0.170389
A38 (432C),Endo_A38,NK_A38,FGF2,FGFR1,0.129175
A38 (432C),Endo_A38,NK_A38,APP,CD74,0.38977
A38 (432C),Mono_A38,Endo_A38,IL6,IL6R,0.244207
A38 (432C),Mono_A38,Endo_A38,MIF,CD74,0.358347
A38 (432C),Mono_A38,Endo_A38,FAM3C,HLA-C,0.392831
A38 (432C),Mono_A38,Endo_A38,WNT5A,FZD1,0.282419
A38 (432C),Mono_A38,Endo_A38,CDH1,ITGB1,0.285091
A38 (432C),Mono_A38,Endo_A38,TNF,TNFRSF1A,0.364099
A38 (432C),Endo_A38,DC_A38,GRN,SORT1,0.269172
A38 (432C),Endo_A38,DC_A38,HGF,MET,0.328024
A38 (432C),Endo_A38,DC_A38,FAM3C,HLA-C,0.481556
A38 (432C),Endo_A38,DC_A38,LTB,LTBR,0.276365
A38 (432C),Endo_A38,DC_A38,MIF,CD74,0.340673
A38 (432C),NK_A38,B-mem_A38,IGF1,IGF1R,0.311516
A38 (432C),NK_A38,B-mem_A38,LILRB4,LAIR1,0.257215
A38 (432C),NK_A38,B-mem_A38,FAM3C,HLA-C,0.343789
A38 (432C),NK_A38,B-mem_A38,LTB,LTBR,0.629169
A38 (432C),NK_A38,B-mem_A38,RPS19,C5AR1,0.064264
A38 (432C),NK_A38,B-mem_A38,EGF,EGFR,0.105957
A38 (432C),NK_A38,B-mem_A38,HLA-E,KLRC1,0.434628
A38 (432C),Endo_A38,Mast_A38,FGF2,FGFR1,0.049061
A38 (432C),Endo_A38,Mast_A38,JAG1,NOTCH2,0.157215
A38 (432C),Endo_A38,Mast_A38,SPP1,CD44,0.238718
A38 (432C),Mac_A38,B-naive_A38,MDK,LRP1,0.557216
A38 (432C),Mac_A38,B-naive_A38,HLA-E,KLRC1,0.530201
A38 (432C),Mac_A38,B-naive_A38,CDH1,ITGB1,0.071562
A38 (432C),Mac_A38,B-naive_A38,FAM3C,HLA-C,0.325292
A38 (432C),Mac_A38,B-naive_A38,WNT5A,FZD1,0.066548
A38 (432C),Mac_A38,B-naive_A38,LILRB4,LAIR1,0.427154
A38 (432C),T-gamma/delta_A38,Epi-Intestine_A38,MIF,CD74,0.605063
A38 (432C),T-gamma/delta_A38,Epi-Intestine_A38,COPA,CD74,0.335714
A38 (432C),T-gamma/delta_A38,Epi-Intestine_A38,CDH1,ITGB1,0.001
A38 (432C),T-gamma/delta_A38,Epi-Intestine_A38,MDK,LRP1,0.511843
A38 (432C),T-gamma/delta_A38,Epi-Intestine_A38,APP,CD74,0.470216
A38 (432C),T-gamma/delta_A38,Epi-Intestine_A38,DLL1,NOTCH1,0.092649
A38 (432C),T-gamma/delta_A38,Epi-Intestine_A38,CXCL12,CXCR4,0.390416
A38 (432C),ILC3_A38,Plasma_A38,MIF,CD74,0.122116
A38 (432C),ILC3_A38,Plasma_A38,TNF,TNFRSF1A,0.236937
A38 (432C),ILC3_A38,Plasma_A38,EGF,EGFR,0.08555
A38 (432C),ILC3_A38,Plasma_A38,AREG,EGFR,0.356794
A38 (432C),ILC3_A38,Plasma_A38,LTB,LTBR,0.442488
A38 (432C),Mono_A38,B-mem_A38,CCL5,CCR1,0.472037
A38 (432C),Mono_A38,B-mem_A38,LTB,LTBR,0.573644
A38 (432C),Mono_A38,B-mem_A38,C3,C3AR1,0.432206
A38 (432C),Mono_A38,B-mem_A38,CSF1,CSF1R,0.322859
A38 (432C),Mono_A38,T-CD8_A38,MDK,LRP1,0.555219
A38 (432C),Mono_A38,T-CD8_A38,LTB,LTBR,0.292565
A38 (432C),Mono_A38,T-CD8_A38,WNT5A,FZD1,0.316281
A38 (432C),Mono_A38,T-CD8_A38,EFNA1,EPHA2,0.338642
A38 (432C),Mono_A38,T-CD8_A38,FGF2,FGFR1,0.388839
A38 (432C),Mono_A38,T-CD8_A38,BMP4,BMPR1A,0.233695
A38 (432C),DC_A38,Plasma_A38,DLL1,NOTCH1,0.287878
A38 (432C),DC_A38,Plasma_A38,PDGFB,PDGFRB,0.418961
A38 (432C),DC_A38,Plasma_A38,BMP4,BMPR1A,0.09102
A38 (432C),DC_A38,Plasma_A38,HLA-E,KLRC1,0.397437
A38 (432C),DC_A38,Plasma_A38,FAM3C,HLA-C,0.444389
A38 (432C),Stromal-Intestine_A38,ILC3_A38,GRN,SORT1,0.430661
A38 (432C),Stromal-Intestine_A38,ILC3_A38,EGF,EGFR,0.17779
A38 (432C),Stromal-Intestine_A38,ILC3_A38,TGFB1,TGFBR1,0.327948
A38 (432C),Plasma_A38,T-CD4_A38,FAM3C,HLA-C,0.283287
A38 (432C),Plasma_A38,T-CD4_A38,HLA-E,KLRC1,0.468147
A38 (432C),Plasma_A38,T-CD4_A38,GRN,SORT1,0.502485
A38 (432C),NK_A38,ILC3_A38,LTB,LTBR,0.301104
A38 (432C),NK_A38,ILC3_A38,TNF,TNFRSF1A,0.12483
A38 (432C),NK_A38,ILC3_A38,AREG,EGFR,0.369276
A38 (432C),NK_A38,ILC3_A38,IL6,IL6R,0.230276
A38 (432C),NK_A38,ILC3_A38,RPS19,C5AR1,0.354037
A38 (432C),NK_A38,ILC3_A38,FAM3C,HLA-C,0.31781
A38 (432C),ILC3_A38,B-mem_A38,IGF1,IGF1R,0.254162
A38 (432C),ILC3_A38,B-mem_A38,MIF,CD74,0.177339
A38 (432C),ILC3_A38,B-mem_A38,LGALS9,MRC1,0.211621
A38 (432C),ILC3_A38,B-mem_A38,LILRB4,LAIR1,0.482616
A38 (432C),ILC3_A38,B-mem_A38,MDK,LRP1,0.64502
A38 (432C),B-mem_A38,Mac_A38,BMP4,BMPR1A,0.231474
A38 (432C),B-mem_A38,Mac_A38,APP,CD74,0.372609
A38 (432C),B-mem_A38,Mac_A38,HGF,MET,0.128692
A38 (432C),B-mem_A38,Mac_A38,CSF1,CSF1R,0.462494
A38 (432C),B-mem_A38,Mac_A38,AREG,EGFR,0.278802
A38 (432C),B-mem_A38,Mac_A38,IGF1,IGF1R,0.296675
A38 (432C),B-mem_A38,Mac_A38,LILRB4,LAIR1,0.385019
A38 (432C),Plasma_A38,Endo_A38,TGFB1,TGFBR1,0.001
A38 (432C),Plasma_A38,Endo_A38,CDH1,ITGB1,0.001
A38 (432C),Plasma_A38,Endo_A38,PDGFB,PDGFRB,0.001
A30 (398B),Stromal-Intestine_A30,B-mem_A30,LTB,LTBR,0.301952
A30 (398B),Stromal-Intestine_A30,B-mem_A30,SPP1,CD44,0.338774
A30 (398B),Stromal-Intestine_A30,B-mem_A30,CDH1,ITGB1,0.116238
A30 (398B),Stromal-Intestine_A30,B-mem_A30,TGFB1,TGFBR1,0.340659
A30 (398B),DC_A30,T-gamma/delta_A30,CCL5,CCR1,0.342756
A30 (398B),DC_A30,T-gamma/delta_A30,AREG,EGFR,0.539489
A30 (398B),DC_A30,T-gamma/delta_A30,IGF1,IGF1R,0.364213
A30 (398B),DC_A30,T-gamma/delta_A30,IL6,IL6R,0.257248
A30 (398B),DC_A30,B-naive_A30,TNFSF13B,HLA-DPB1,0.352569
A30 (398B),DC_A30,B-naive_A30,VEGFA,KDR,0.105445
A30 (398B),DC_A30,B-naive_A30,WNT5A,FZD1,0.247729
A30 (398B),DC_A30,B-naive_A30,JAG1,NOTCH2,0.222719
A30 (398B),Plasma_A30,Stromal-Intestine_A30,BMP4,BMPR1A,0.206741
A30 (398B),Plasma_A30,Stromal-Intestine_A30,CCL5,CCR1,0.310696
A30 (398B),Plasma_A30,Stromal-Intestine_A30,CXCL12,CXCR4,0.345488
A30 (398B),T-CD4_A30,DC_A30,SPP1,CD44,0.346059
A30 (398B),T-CD4_A30,DC_A30,AREG,EGFR,0.301557
A30 (398B),T-CD4_A30,DC_A30,LTB,LTBR,0.362101
A30 (398B),T-CD4_A30,DC_A30,BMP4,BMPR1A,0.048128
A30 (398B),T-CD4_A30,DC_A30,RPS19,C5AR1,0.348314
A30 (398B),B-naive_A30,DC_A30,JAG1,NOTCH2,0.198148
A30 (398B),B-naive_A30,DC_A30,AREG,EGFR,0.485196
A30 (398B),B-naive_A30,DC_A30,CSF1,CSF1R,0.383361
A30 (398B),B-naive_A30,DC_A30,CXCL12,CXCR4,0.433331
A30 (398B),B-naive_A30,DC_A30,SPP1,CD44,0.378031
A30 (398B),B-naive_A30,Epi-Intestine_A30,TNF,TNFRSF1A,0.235095
A30 (398B),B-naive_A30,Epi-Intestine_A30,PDGFB,PDGFRB,0.180087
A30 (398B),B-naive_A30,Epi-Intestine_A30,WNT5A,FZD1,0.350973
A30 (398B),B-naive_A30,Epi-Intestine_A30,C3,C3AR1,0.467796
A30 (398B),B-naive_A30,Plasma_A30,EFNA1,EPHA2,0.188753
A30 (398B),B-naive_A30,Plasma_A30,CD99,PILRA,0.515519
A30 (398B),B-naive_A30,Plasma_A30,APP,CD74,0.656829
A30 (398B),B-naive_A30,Plasma_A30,MIF,CD74,0.398957
A30 (398B),B-naive_A30,Plasma_A30,MDK,LRP1,0.328502
A30 (398B),B-naive_A30,T-CD4_A30,LGALS9,MRC1,0.288302
A30 (398B),B-naive_A30,T-CD4_A30,HLA-E,KLRC1,0.32061
A30 (398B),B-naive_A30,T-CD4_A30,EFNA1,EPHA2,0.357235
A30 (398B),B-naive_A30,T-CD4_A30,LTB,LTBR,0.452712
A30 (398B),B-naive_A30,T-CD4_A30,IL6,IL6R,0.181042
A30 (398B),B-naive_A30,T-CD4_A30,PDGFB,PDGFRB,0.20569
A30 (398B),DC_A30,Mono_A30,DLL1,NOTCH1,0.001
A30 (398B),DC_A30,Mono_A30,C3,C3AR1,0.457953
A30 (398B),DC_A30,Mono_A30,FAM3C,HLA-C,0.402911
A30 (398B),DC_A30,Mono_A30,RPS19,C5AR1,0.481101
A30 (398B),DC_A30,Mono_A30,VEGFA,KDR,0.102665
A30 (398B),DC_A30,Mono_A30,BMP4,BMPR1A,0.264712
A30 (398B),DC_A30,Mono_A30,HLA-E,KLRC1,0.599975
A30 (398B),Epi-Intestine_A30,Stromal-Intestine_A30,CXCL12,CXCR4,0.497186
A30 (398B),Epi-Intestine_A30,Stromal-Intestine_A30,EGF,EGFR,0.199359
A30 (398B),Epi-Intestine_A30,Stromal-Intestine_A30,TGFB1,TGFBR1,0.258766
A30 (398B),Epi-Intestine_A30,Stromal-Intestine_A30,APP,CD74,0.213678
A30 (398B),Epi-Intestine_A30,Stromal-Intestine_A30,HGF,MET,0.326988
A30 (398B),Epi-Intestine_A30,Stromal-Intestine_A30,TNF,TNFRSF1A,0.072165
A30 (398B),T-CD8_A30,Stromal-Intestine_A30,MDK,LRP1,0.317892
A30 (398B),T-CD8_A30,Stromal-Intestine_A30,TNF,TNFRSF1A,0.152979
A30 (398B),T-CD8_A30,Stromal-Intestine_A30,TNFSF13B,HLA-DPB1,0.38793
A30 (398B),T-CD8_A30,Stromal-Intestine_A30,HLA-E,KLRC1,0.308416
A30 (398B),T-CD8_A30,Stromal-Intestine_A30,JAG1,NOTCH2,0.232371
A30 (398B),Mac_A30,T-CD8_A30,VEGFA,KDR,0.359135
A30 (398B),Mac_A30,T-CD8_A30,IGF1,IGF1R,0.243908
A30 (398B),Mac_A30,T-CD8_A30,CCL3,CCR1,0.495897
A30 (398B),Mac_A30,T-CD8_A30,LTB,LTBR,0.486766
A30 (398B),Mac_A30,T-CD8_A30,EGF,EGFR,0.042542
A30 (398B),Mac_A30,T-CD8_A30,TNF,TNFRSF1A,0.47784
A30 (398B),Endo_A30,NK_A30,CXCL12,CXCR4,0.481856
A30 (398B),Endo_A30,NK_A30,CDH1,ITGB1,0.154817
A30 (398B),Endo_A30,NK_A30,CCL5,CCR1,0.15974
A30 (398B),Endo_A30,NK_A30,LTB,LTBR,0.406775
A30 (398B),Endo_A30,NK_A30,CD99,PILRA,0.309649
A30 (398B),Endo_A30,NK_A30,TNF,TNFRSF1A,0.220435
A30 (398B),Endo_A30,NK_A30,AREG,EGFR,0.506508
A30 (398B),T-CD8_A30,Mast_A30,EFNA1,EPHA2,0.298658
A30 (398B),T-CD8_A30,Mast_A30,LTB,LTBR,0.584433
A30 (398B),T-CD8_A30,Mast_A30,APP,CD74,0.25578
A30 (398B),B-naive_A30,T-gamma/delta_A30,EGF,EGFR,0.525378
A30 (398B),B-naive_A30,T-gamma/delta_A30,MDK,LRP1,0.238069
A30 (398B),B-naive_A30,T-gamma/delta_A30,JAG1,NOTCH2,0.089272
A30 (398B),B-naive_A30,T-gamma/delta_A30,SPP1,CD44,0.369448
A30 (398B),B-naive_A30,T-gamma/delta_A30,TGFB1,TGFBR1,0.119009
A30 (398B),B-naive_A30,T-gamma/delta_A30,TNF,TNFRSF1A,0.118493
A30 (398B),B-naive_A30,T-gamma/delta_A30,APP,CD74,0.541186
A30 (398B),Stromal-Intestine_A30,NK_A30,TGFB1,TGFBR1,0.081371
A30 (398B),Stromal-Intestine_A30,NK_A30,RPS19,C5AR1,0.335971
A30 (398B),Stromal-Intestine_A30,NK_A30,IL6,IL6R,0.225846
A30 (398B),Stromal-Intestine_A30,NK_A30,GRN,SORT1,0.17047
A30 (398B),Stromal-Intestine_A30,NK_A30,BMP4,BMPR1A,0.097244
A30 (398B),Stromal-Intestine_A30,NK_A30,FAM3C,HLA-C,0.432462
A30 (398B),Stromal-Intestine_A30,NK_A30,LGALS9,MRC1,0.458825
A30 (398B),Mast_A30,Endo_A30,RPS19,C5AR1,0.507027
A30 (398B),Mast_A30,Endo_A30,LILRB4,LAIR1,0.379709
A30 (398B),Mast_A30,Endo_A30,HGF,MET,0.20945
A30 (398B),T-gamma/delta_A30,Plasma_A30,EGF,EGFR,0.401417
A30 (398B),T-gamma/delta_A30,Plasma_A30,IGF1,IGF1R,0.121159
A30 (398B),T-gamma/delta_A30,Plasma_A30,FGF2,FGFR1,0.315357
A30 (398B),T-gamma/delta_A30,Plasma_A30,HGF,MET,0.205631
A30 (398B),T-gamma/delta_A30,Plasma_A30,CSF1,CSF1R,0.625982
A30 (398B),T-gamma/delta_A30,Plasma_A30,MIF,CD74,0.436781
A30 (398B),B-mem_A30,Stromal-Intestine_A30,CDH1,ITGB1,0.062472
A30 (398B),B-mem_A30,Stromal-Intestine_A30,FAM3C,HLA-C,0.416018
A30 (398B),B-mem_A30,Stromal-Intestine_A30,AREG,EGFR,0.523383
A30 (398B),B-mem_A30,Stromal-Intestine_A30,LILRB4,LAIR1,0.368812
A30 (398B),B-mem_A30,Stromal-Intestine_A30,VEGFA,KDR,0.021695
A30 (398B),B-mem_A30,Stromal-Intestine_A30,BMP4,BMPR1A,0.076217
A30 (398B),Mono_A30,Endo_A30,CSF1,CSF1R,0.371101
A30 (398B),Mono_A30,Endo_A30,MIF,CD74,0.411488
A30 (398B),Mono_A30,Endo_A30,IL6,IL6R,0.32681
A30 (398B),Mono_A30,Endo_A30,MDK,LRP1,0.571927
A30 (398B),Mono_A30,Endo_A30,FGF2,FGFR1,0.217604
A30 (398B),Mono_A30,Endo_A30,CCL3,CCR1,0.461251
A30 (398B),Plasma_A30,B-mem_A30,CCL5,CCR1,0.411599
A30 (398B),Plasma_A30,B-mem_A30,WNT5A,FZD1,0.293758
A30 (398B),Plasma_A30,B-mem_A30,JAG1,NOTCH2,0.241984
A30 (398B),Plasma_A30,B-mem_A30,FAM3C,HLA-C,0.319042
A30 (398B),Plasma_A30,B-mem_A30,FGF2,FGFR1,0.378107
A30 (398B),Mac_A30,B-mem_A30,LGALS9,MRC1,0.470648
A30 (398B),Mac_A30,B-mem_A30,CDH1,ITGB1,0.090314
A30 (398B),Mac_A30,B-mem_A30,CXCL12,CXCR4,0.40809
A30 (398B),Mac_A30,B-mem_A30,EGF,EGFR,0.282095
A30 (398B),Mac_A30,B-mem_A30,VEGFA,KDR,0.050975
A30 (398B),Mac_A30,ILC3_A30,COPA,CD74,0.477093
A30 (398B),Mac_A30,ILC3_A30,CCL5,CCR1,0.580042
A30 (398B),Mac_A30,ILC3_A30,CSF1,CSF1R,0.63093
A30 (398B),Mac_A30,ILC3_A30,JAG1,NOTCH2,0.242571
A30 (398B),T-CD8_A30,Mac_A30,WNT5A,FZD1,0.300347
A30 (398B),T-CD8_A30,Mac_A30,RPS19,C5AR1,0.364563
A30 (398B),T-CD8_A30,Mac_A30,GRN,SORT1,0.501485
A30 (398B),T-CD8_A30,Mac_A30,EGF,EGFR,0.095676
A30 (398B),T-CD8_A30,Mac_A30,CCL5,CCR1,0.418923
A30 (398B),T-gamma/delta_A30,DC_A30,LTB,LTBR,0.267441
A30 (398B),T-gamma/delta_A30,DC_A30,HGF,MET,0.066114
A30 (398B),T-gamma/delta_A30,DC_A30,CCL5,CCR1,0.489144
A30 (398B),T-gamma/delta_A30,DC_A30,LGALS9,MRC1,0.106237
A30 (398B),T-gamma/delta_A30,DC_A30,MDK,LRP1,0.456504
A30 (398B),T-gamma/delta_A30,DC_A30,EGF,EGFR,0.157534
A30 (398B),T-gamma/delta_A30,DC_A30,CCL3,CCR1,0.442385
A30 (398B),T-CD8_A30,B-naive_A30,HLA-E,KLRC1,0.349878
A30 (398B),T-CD8_A30,B-naive_A30,CSF1,CSF1R,0.554778
A30 (398B),T-CD8_A30,B-naive_A30,EGF,EGFR,0.283287
A30 (398B),T-CD8_A30,B-naive_A30,MIF,CD74,0.382962
A30 (398B),T-CD8_A30,B-naive_A30,FGF2,FGFR1,0.296476
A30 (398B),T-CD8_A30,B-naive_A30,COPA,CD74,0.317372
A30 (398B),T-CD8_A30,B-naive_A30,PDGFB,PDGFRB,0.292849
A30 (398B),T-gamma/delta_A30,Mac_A30,TGFB1,TGFBR1,0.201443
A30 (398B),T-gamma/delta_A30,Mac_A30,TNFSF13B,HLA-DPB1,0.488196
A30 (398B),T-gamma/delta_A30,Mac_A30,GRN,SORT1,0.540943
A30 (398B),T-gamma/delta_A30,Mac_A30,CD99,PILRA,0.235285
A30 (398B),T-gamma/delta_A30,Mac_A30,WNT5A,FZD1,0.390266
A30 (398B),Mono_A30,Mast_A30,EFNA1,EPHA2,0.209164
A30 (398B),Mono_A30,Mast_A30,CDH1,ITGB1,0.141787
A30 (398B),Mono_A30,Mast_A30,MIF,CD74,0.398485
A30 (398B),Mono_A30,Mast_A30,LGALS9,MRC1,0.261154
A30 (398B),Mono_A30,Mast_A30,MDK,LRP1,0.626505
A30 (398B),Mono_A30,Epi-Intestine_A30,IL6,IL6R,0.174515
A30 (398B),Mono_A30,Epi-Intestine_A30,DLL1,NOTCH1,0.066519
A30 (398B),Mono_A30,Epi-Intestine_A30,TNFSF13B,HLA-DPB1,0.383103
A30 (398B),Mono_A30,Epi-Intestine_A30,CXCL12,CXCR4,0.380781
A30 (398B),Mono_A30,Epi-Intestine_A30,JAG1,NOTCH2,0.127491
A30 (398B),ILC3_A30,T-CD8_A30,TNFSF13B,HLA-DPB1,0.378998
A30 (398B),ILC3_A30,T-CD8_A30,IGF1,IGF1R,0.338171
A30 (398B),ILC3_A30,T-CD8_A30,CXCL12,CXCR4,0.199471
A30 (398B),ILC3_A30,T-CD8_A30,CCL5,CCR1,0.242399
A30 (398B),ILC3_A30,T-CD8_A30,SPP1,CD44,0.287006
A30 (398B),ILC3_A30,T-CD8_A30,TNF,TNFRSF1A,0.270536
A30 (398B),T-CD4_A30,Mono_A30,CDH1,ITGB1,0.230224
A30 (398B),T-CD4_A30,Mono_A30,CXCL12,CXCR4,0.506138
A30 (398B),T-CD4_A30,Mono_A30,SPP1,CD44,0.430648
A30 (398B),T-CD4_A30,Mono_A30,TGFB1,TGFBR1,0.11505
A30 (398B),Epi-Intestine_A30,B-mem_A30,EFNA1,EPHA2,0.218812
A30 (398B),Epi-Intestine_A30,B-mem_A30,IGF1,IGF1R,0.442688
A30 (398B),Epi-Intestine_A30,B-mem_A30,PDGFB,PDGFRB,0.2662
A30 (398B),Epi-Intestine_A30,B-mem_A30,CSF1,CSF1R,0.41539
A30 (398B),Epi-Intestine_A30,B-mem_A30,CXCL12,CXCR4,0.500005
A30 (398B),Stromal-Intestine_A30,Mono_A30,CDH1,ITGB1,0.017891
A30 (398B),Stromal-Intestine_A30,Mono_A30,TNFSF13B,HLA-DPB1,0.50565
A30 (398B),Stromal-Intestine_A30,Mono_A30,IGF1,IGF1R,0.219761
A30 (398B),Stromal-Intestine_A30,Mono_A30,CCL5,CCR1,0.21134
A30 (398B),Stromal-Intestine_A30,Mono_A30,BMP4,BMPR1A,0.258023
A30 (398B),Stromal-Intestine_A30,Mono_A30,TGFB1,TGFBR1,0.126012
A30 (398B),T-gamma/delta_A30,Stromal-Intestine_A30,GRN,SORT1,0.250129
A30 (398B),T-gamma/delta_A30,Stromal-Intestine_A30,LGALS9,MRC1,0.407164
A30 (398B),T-gamma/delta_A30,Stromal-Intestine_A30,FAM3C,HLA-C,0.347237
A30 (398B),T-gamma/delta_A30,Stromal-Intestine_A30,HGF,MET,0.306229
A30 (398B),T-gamma/delta_A30,Stromal-Intestine_A30,IL6,IL6R,0.293617
A30 (398B),T-gamma/delta_A30,Stromal-Intestine_A30,CCL3,CCR1,0.380026
A30 (398B),Endo_A30,Stromal-Intestine_A30,HLA-E,KLRC1,0.46218
A30 (398B),Endo_A30,Stromal-Intestine_A30,TNFSF13B,HLA-DPB1,0.145816
A30 (398B),Endo_A30,Stromal-Intestine_A30,FGF2,FGFR1,0.357635
A30 (398B),Endo_A30,Stromal-Intestine_A30,RPS19,C5AR1,0.495215
A30 (398B),T-CD8_A30,T-gamma/delta_A30,LGALS9,MRC1,0.445087
A30 (398B),T-CD8_A30,T-gamma/delta_A30,BMP4,BMPR1A,0.20011
A30 (398B),T-CD8_A30,T-gamma/delta_A30,AREG,EGFR,0.230337
A30 (398B),DC_A30,Epi-Intestine_A30,DLL1,NOTCH1,0.146028
A30 (398B),DC_A30,Epi-Intestine_A30,FAM3C,HLA-C,0.399136
A30 (398B),DC_A30,Epi-Intestine_A30,TNF,TNFRSF1A,0.38013
A30 (398B),DC_A30,Epi-Intestine_A30,HLA-E,KLRC1,0.418495
A30 (398B),T-CD8_A30,ILC3_A30,CSF1,CSF1R,0.386943
A30 (398B),T-CD8_A30,ILC3_A30,RPS19,C5AR1,0.519105
A30 (398B),T-CD8_A30,ILC3_A30,EFNA1,EPHA2,0.09881
A30 (398B),T-CD8_A30,ILC3_A30,C3,C3AR1,0.353245
A30 (398B),T-CD8_A30,ILC3_A30,IGF1,IGF1R,0.266473
A30 (398B),DC_A30,Stromal-Intestine_A30,EGF,EGFR,0.364117
A30 (398B),DC_A30,Stromal-Intestine_A30,DLL1,NOTCH1,0.082938
A30 (398B),DC_A30,Stromal-Intestine_A30,LGALS9,MRC1,0.280732
A30 (398B),DC_A30,Stromal-Intestine_A30,HLA-E,KLRC1,0.334975
A30 (398B),DC_A30,Stromal-Intestine_A30,CXCL12,CXCR4,0.126417
A30 (398B),DC_A30,Stromal-Intestine_A30,CCL3,CCR1,0.230616
A30 (398B),DC_A30,Stromal-Intestine_A30,AREG,EGFR,0.254705
